Project Name,Package Name,Type Name,NOF,NOPF,NOM,NOPM,LOC,WMC,NC,DIT,LCOM,FANIN,FANOUT,File path,Line no
BungeeCord1,net.md_5.bungee.api,AbstractReconnectHandler,0,0,3,2,21,6,1,1,-1.0,1,3,C:\Users\Simon\Documents\git1\BungeeCord1\api\src\main\java\net\md_5\bungee\api\AbstractReconnectHandler.java,8
BungeeCord1,net.md_5.bungee.api,Callback,0,0,1,1,12,1,1,0,-1.0,16,0,C:\Users\Simon\Documents\git1\BungeeCord1\api\src\main\java\net\md_5\bungee\api\Callback.java,3
BungeeCord1,net.md_5.bungee.api,CommandSender,0,0,11,11,59,11,2,0,-1.0,25,1,C:\Users\Simon\Documents\git1\BungeeCord1\api\src\main\java\net\md_5\bungee\api\CommandSender.java,6
BungeeCord1,net.md_5.bungee.api,Favicon,2,0,5,5,67,9,0,0,1.0,3,0,C:\Users\Simon\Documents\git1\BungeeCord1\api\src\main\java\net\md_5\bungee\api\Favicon.java,18
BungeeCord1,net.md_5.bungee.api,ProxyConfig,0,0,15,0,82,15,1,0,-1.0,1,1,C:\Users\Simon\Documents\git1\BungeeCord1\api\src\main\java\net\md_5\bungee\api\ProxyConfig.java,8
BungeeCord1,net.md_5.bungee.api,ProxyServer,1,0,35,35,196,35,1,0,1.0,12,10,C:\Users\Simon\Documents\git1\BungeeCord1\api\src\main\java\net\md_5\bungee\api\ProxyServer.java,20
BungeeCord1,net.md_5.bungee.api,ReconnectHandler,0,0,4,0,21,4,1,0,-1.0,2,2,C:\Users\Simon\Documents\git1\BungeeCord1\api\src\main\java\net\md_5\bungee\api\ReconnectHandler.java,6
BungeeCord1,net.md_5.bungee.api,ServerConnectRequest,6,0,0,0,50,0,0,0,-1.0,7,3,C:\Users\Simon\Documents\git1\BungeeCord1\api\src\main\java\net\md_5\bungee\api\ServerConnectRequest.java,10
BungeeCord1,net.md_5.bungee.api,ServerConnectRequest.Result,0,0,0,0,19,0,0,0,-1.0,0,0,C:\Users\Simon\Documents\git1\BungeeCord1\api\src\main\java\net\md_5\bungee\api\ServerConnectRequest.java,18
BungeeCord1,net.md_5.bungee.api,ServerConnectRequest.Builder,1,0,0,0,6,0,0,0,-1.0,0,0,C:\Users\Simon\Documents\git1\BungeeCord1\api\src\main\java\net\md_5\bungee\api\ServerConnectRequest.java,72
BungeeCord1,net.md_5.bungee.api,ServerPing,17,0,10,10,77,10,0,0,0.0,6,3,C:\Users\Simon\Documents\git1\BungeeCord1\api\src\main\java\net\md_5\bungee\api\ServerPing.java,14
BungeeCord1,net.md_5.bungee.api,ServerPing.Protocol,2,0,0,0,4,0,0,0,-1.0,0,0,C:\Users\Simon\Documents\git1\BungeeCord1\api\src\main\java\net\md_5\bungee\api\ServerPing.java,27
BungeeCord1,net.md_5.bungee.api,ServerPing.Players,3,0,0,0,5,0,0,0,-1.0,0,0,C:\Users\Simon\Documents\git1\BungeeCord1\api\src\main\java\net\md_5\bungee\api\ServerPing.java,37
BungeeCord1,net.md_5.bungee.api,ServerPing.PlayerInfo,3,0,0,0,20,0,0,0,-1.0,0,0,C:\Users\Simon\Documents\git1\BungeeCord1\api\src\main\java\net\md_5\bungee\api\ServerPing.java,47
BungeeCord1,net.md_5.bungee.api,ServerPing.ModInfo,2,0,0,0,4,0,0,0,-1.0,0,0,C:\Users\Simon\Documents\git1\BungeeCord1\api\src\main\java\net\md_5\bungee\api\ServerPing.java,84
BungeeCord1,net.md_5.bungee.api,ServerPing.ModItem,2,0,0,0,4,0,0,0,-1.0,0,0,C:\Users\Simon\Documents\git1\BungeeCord1\api\src\main\java\net\md_5\bungee\api\ServerPing.java,92
BungeeCord1,net.md_5.bungee.api,SkinConfiguration,0,0,7,0,12,7,1,0,-1.0,3,0,C:\Users\Simon\Documents\git1\BungeeCord1\api\src\main\java\net\md_5\bungee\api\SkinConfiguration.java,3
BungeeCord1,net.md_5.bungee.api,Title,0,0,10,10,63,10,1,0,-1.0,5,2,C:\Users\Simon\Documents\git1\BungeeCord1\api\src\main\java\net\md_5\bungee\api\Title.java,6
BungeeCord1,net.md_5.bungee.api,ServerConnectRequestTest,1,0,13,13,42,13,0,0,1.0,0,5,C:\Users\Simon\Documents\git1\BungeeCord1\api\src\test\java\net\md_5\bungee\api\ServerConnectRequestTest.java,12
BungeeCord1,net.md_5.bungee.api,ChatColor,32,25,15,12,250,23,0,0,0.13333333333333333,23,0,C:\Users\Simon\Documents\git1\BungeeCord1\chat\src\main\java\net\md_5\bungee\api\ChatColor.java,12
BungeeCord1,net.md_5.bungee.api,ChatMessageType,0,0,0,0,4,0,0,0,-1.0,3,0,C:\Users\Simon\Documents\git1\BungeeCord1\chat\src\main\java\net\md_5\bungee\api\ChatMessageType.java,3
BungeeCord1,net.md_5.bungee.api.config,ConfigurationAdapter,0,0,9,9,59,9,1,0,-1.0,3,0,C:\Users\Simon\Documents\git1\BungeeCord1\api\src\main\java\net\md_5\bungee\api\config\ConfigurationAdapter.java,6
BungeeCord1,net.md_5.bungee.api.config,ListenerInfo,13,0,4,4,84,4,0,0,0.5,7,0,C:\Users\Simon\Documents\git1\BungeeCord1\api\src\main\java\net\md_5\bungee\api\config\ListenerInfo.java,10
BungeeCord1,net.md_5.bungee.api.config,ServerInfo,0,0,11,0,66,11,1,0,-1.0,26,2,C:\Users\Simon\Documents\git1\BungeeCord1\api\src\main\java\net\md_5\bungee\api\config\ServerInfo.java,11
BungeeCord1,net.md_5.bungee.api.connection,ConnectedPlayer,0,0,0,0,5,0,0,2,-1.0,0,0,C:\Users\Simon\Documents\git1\BungeeCord1\api\src\main\java\net\md_5\bungee\api\connection\ConnectedPlayer.java,3
BungeeCord1,net.md_5.bungee.api.connection,Connection,0,0,7,0,48,7,3,0,-1.0,5,1,C:\Users\Simon\Documents\git1\BungeeCord1\api\src\main\java\net\md_5\bungee\api\connection\Connection.java,8
BungeeCord1,net.md_5.bungee.api.connection,Connection.Unsafe,0,0,0,0,7,0,0,0,-1.0,0,0,C:\Users\Simon\Documents\git1\BungeeCord1\api\src\main\java\net\md_5\bungee\api\connection\Connection.java,78
BungeeCord1,net.md_5.bungee.api.connection,PendingConnection,0,0,12,0,68,12,1,1,-1.0,6,1,C:\Users\Simon\Documents\git1\BungeeCord1\api\src\main\java\net\md_5\bungee\api\connection\PendingConnection.java,9
BungeeCord1,net.md_5.bungee.api.connection,ProxiedPlayer,0,0,36,4,218,36,2,1,-1.0,42,11,C:\Users\Simon\Documents\git1\BungeeCord1\api\src\main\java\net\md_5\bungee\api\connection\ProxiedPlayer.java,19
BungeeCord1,net.md_5.bungee.api.connection,ProxiedPlayer.ChatMode,0,0,0,0,13,0,0,0,-1.0,0,0,C:\Users\Simon\Documents\git1\BungeeCord1\api\src\main\java\net\md_5\bungee\api\connection\ProxiedPlayer.java,26
BungeeCord1,net.md_5.bungee.api.connection,ProxiedPlayer.MainHand,0,0,0,0,1,0,0,0,-1.0,0,0,C:\Users\Simon\Documents\git1\BungeeCord1\api\src\main\java\net\md_5\bungee\api\connection\ProxiedPlayer.java,47
BungeeCord1,net.md_5.bungee.api.connection,Server,0,0,2,2,16,2,1,1,-1.0,4,1,C:\Users\Simon\Documents\git1\BungeeCord1\api\src\main\java\net\md_5\bungee\api\connection\Server.java,5
BungeeCord1,net.md_5.bungee.api.event,AsyncEvent,4,0,3,3,48,7,4,1,0.0,0,2,C:\Users\Simon\Documents\git1\BungeeCord1\api\src\main\java\net\md_5\bungee\api\event\AsyncEvent.java,17
BungeeCord1,net.md_5.bungee.api.event,ChatEvent,2,0,3,3,38,4,0,2,0.0,1,2,C:\Users\Simon\Documents\git1\BungeeCord1\api\src\main\java\net\md_5\bungee\api\event\ChatEvent.java,12
BungeeCord1,net.md_5.bungee.api.event,ClientConnectEvent,3,0,0,0,17,0,0,1,-1.0,0,1,C:\Users\Simon\Documents\git1\BungeeCord1\api\src\main\java\net\md_5\bungee\api\event\ClientConnectEvent.java,11
BungeeCord1,net.md_5.bungee.api.event,LoginEvent,3,0,5,5,49,5,0,2,1.0,1,4,C:\Users\Simon\Documents\git1\BungeeCord1\api\src\main\java\net\md_5\bungee\api\event\LoginEvent.java,12
BungeeCord1,net.md_5.bungee.api.event,PermissionCheckEvent,3,0,1,1,20,1,0,1,0.0,0,1,C:\Users\Simon\Documents\git1\BungeeCord1\api\src\main\java\net\md_5\bungee\api\event\PermissionCheckEvent.java,12
BungeeCord1,net.md_5.bungee.api.event,PlayerDisconnectEvent,1,0,0,0,9,0,0,1,-1.0,1,1,C:\Users\Simon\Documents\git1\BungeeCord1\api\src\main\java\net\md_5\bungee\api\event\PlayerDisconnectEvent.java,9
BungeeCord1,net.md_5.bungee.api.event,PlayerHandshakeEvent,2,0,1,1,17,1,0,1,0.0,0,2,C:\Users\Simon\Documents\git1\BungeeCord1\api\src\main\java\net\md_5\bungee\api\event\PlayerHandshakeEvent.java,10
BungeeCord1,net.md_5.bungee.api.event,PluginMessageEvent,3,0,1,1,22,1,0,2,0.0,2,1,C:\Users\Simon\Documents\git1\BungeeCord1\api\src\main\java\net\md_5\bungee\api\event\PluginMessageEvent.java,9
BungeeCord1,net.md_5.bungee.api.event,PostLoginEvent,2,0,1,1,18,1,0,2,0.0,1,3,C:\Users\Simon\Documents\git1\BungeeCord1\api\src\main\java\net\md_5\bungee\api\event\PostLoginEvent.java,10
BungeeCord1,net.md_5.bungee.api.event,PreLoginEvent,3,0,5,5,49,5,0,2,1.0,1,4,C:\Users\Simon\Documents\git1\BungeeCord1\api\src\main\java\net\md_5\bungee\api\event\PreLoginEvent.java,12
BungeeCord1,net.md_5.bungee.api.event,ProxyPingEvent,2,0,1,1,18,1,0,2,0.0,1,3,C:\Users\Simon\Documents\git1\BungeeCord1\api\src\main\java\net\md_5\bungee\api\event\ProxyPingEvent.java,10
BungeeCord1,net.md_5.bungee.api.event,ProxyReloadEvent,1,0,0,0,9,0,0,1,-1.0,0,1,C:\Users\Simon\Documents\git1\BungeeCord1\api\src\main\java\net\md_5\bungee\api\event\ProxyReloadEvent.java,9
BungeeCord1,net.md_5.bungee.api.event,ServerConnectedEvent,2,0,0,0,13,0,0,1,-1.0,1,2,C:\Users\Simon\Documents\git1\BungeeCord1\api\src\main\java\net\md_5\bungee\api\event\ServerConnectedEvent.java,10
BungeeCord1,net.md_5.bungee.api.event,ServerConnectEvent,5,0,3,3,62,3,0,1,0.0,9,3,C:\Users\Simon\Documents\git1\BungeeCord1\api\src\main\java\net\md_5\bungee\api\event\ServerConnectEvent.java,13
BungeeCord1,net.md_5.bungee.api.event,ServerConnectEvent.Reason,0,0,0,0,25,0,0,0,-1.0,0,0,C:\Users\Simon\Documents\git1\BungeeCord1\api\src\main\java\net\md_5\bungee\api\event\ServerConnectEvent.java,67
BungeeCord1,net.md_5.bungee.api.event,ServerDisconnectEvent,2,0,0,0,13,0,0,1,-1.0,1,2,C:\Users\Simon\Documents\git1\BungeeCord1\api\src\main\java\net\md_5\bungee\api\event\ServerDisconnectEvent.java,12
BungeeCord1,net.md_5.bungee.api.event,ServerKickEvent,6,0,8,8,74,8,0,1,0.5,2,4,C:\Users\Simon\Documents\git1\BungeeCord1\api\src\main\java\net\md_5\bungee\api\event\ServerKickEvent.java,13
BungeeCord1,net.md_5.bungee.api.event,ServerKickEvent.State,0,0,0,0,1,0,0,0,-1.0,0,0,C:\Users\Simon\Documents\git1\BungeeCord1\api\src\main\java\net\md_5\bungee\api\event\ServerKickEvent.java,48
BungeeCord1,net.md_5.bungee.api.event,ServerSwitchEvent,2,0,0,0,13,0,0,1,-1.0,0,2,C:\Users\Simon\Documents\git1\BungeeCord1\api\src\main\java\net\md_5\bungee\api\event\ServerSwitchEvent.java,10
BungeeCord1,net.md_5.bungee.api.event,SettingsChangedEvent,1,0,0,0,9,0,0,1,-1.0,1,1,C:\Users\Simon\Documents\git1\BungeeCord1\api\src\main\java\net\md_5\bungee\api\event\SettingsChangedEvent.java,9
BungeeCord1,net.md_5.bungee.api.event,TabCompleteEvent,3,0,1,1,22,1,0,2,0.0,1,1,C:\Users\Simon\Documents\git1\BungeeCord1\api\src\main\java\net\md_5\bungee\api\event\TabCompleteEvent.java,10
BungeeCord1,net.md_5.bungee.api.event,TabCompleteResponseEvent,2,0,1,1,17,1,0,2,0.0,1,1,C:\Users\Simon\Documents\git1\BungeeCord1\api\src\main\java\net\md_5\bungee\api\event\TabCompleteResponseEvent.java,10
BungeeCord1,net.md_5.bungee.api.event,TargetedEvent,2,0,0,0,13,0,4,1,-1.0,0,1,C:\Users\Simon\Documents\git1\BungeeCord1\api\src\main\java\net\md_5\bungee\api\event\TargetedEvent.java,9
BungeeCord1,net.md_5.bungee.api.plugin,Cancellable,0,0,2,2,15,2,9,0,-1.0,0,0,C:\Users\Simon\Documents\git1\BungeeCord1\api\src\main\java\net\md_5\bungee\api\plugin\Cancellable.java,3
BungeeCord1,net.md_5.bungee.api.plugin,Command,4,0,4,4,43,4,11,0,0.5,1,1,C:\Users\Simon\Documents\git1\BungeeCord1\api\src\main\java\net\md_5\bungee\api\plugin\Command.java,10
BungeeCord1,net.md_5.bungee.api.plugin,Event,0,0,1,1,10,1,13,0,-1.0,0,0,C:\Users\Simon\Documents\git1\BungeeCord1\api\src\main\java\net\md_5\bungee\api\plugin\Event.java,3
BungeeCord1,net.md_5.bungee.api.plugin,LibraryLoader,4,0,3,3,59,6,0,0,0.0,1,1,C:\Users\Simon\Documents\git1\BungeeCord1\api\src\main\java\net\md_5\bungee\api\plugin\LibraryLoader.java,35
BungeeCord1,net.md_5.bungee.api.plugin,Listener,0,0,0,0,5,0,0,0,-1.0,1,0,C:\Users\Simon\Documents\git1\BungeeCord1\api\src\main\java\net\md_5\bungee\api\plugin\Listener.java,3
BungeeCord1,net.md_5.bungee.api.plugin,Plugin,5,0,9,7,67,10,8,0,0.8888888888888888,9,4,C:\Users\Simon\Documents\git1\BungeeCord1\api\src\main\java\net\md_5\bungee\api\plugin\Plugin.java,15
BungeeCord1,net.md_5.bungee.api.plugin,PluginClassloader,8,0,6,2,108,17,0,0,0.0,1,3,C:\Users\Simon\Documents\git1\BungeeCord1\api\src\main\java\net\md_5\bungee\api\plugin\PluginClassloader.java,20
BungeeCord1,net.md_5.bungee.api.plugin,PluginDescription,9,0,0,0,41,0,0,0,-1.0,5,0,C:\Users\Simon\Documents\git1\BungeeCord1\api\src\main\java\net\md_5\bungee\api\plugin\PluginDescription.java,12
BungeeCord1,net.md_5.bungee.api.plugin,PluginLogger,1,0,2,1,12,2,0,0,0.0,1,1,C:\Users\Simon\Documents\git1\BungeeCord1\api\src\main\java\net\md_5\bungee\api\plugin\PluginLogger.java,6
BungeeCord1,net.md_5.bungee.api.plugin,PluginManager,10,0,20,17,306,52,0,0,0.1,2,10,C:\Users\Simon\Documents\git1\BungeeCord1\api\src\main\java\net\md_5\bungee\api\plugin\PluginManager.java,41
BungeeCord1,net.md_5.bungee.api.plugin,TabExecutor,0,0,1,1,3,1,5,0,-1.0,0,1,C:\Users\Simon\Documents\git1\BungeeCord1\api\src\main\java\net\md_5\bungee\api\plugin\TabExecutor.java,5
BungeeCord1,net.md_5.bungee.api.plugin,DummyPlugin,1,1,1,0,6,1,0,1,0.0,1,0,C:\Users\Simon\Documents\git1\BungeeCord1\proxy\src\test\java\net\md_5\bungee\api\plugin\DummyPlugin.java,3
BungeeCord1,net.md_5.bungee.api.scheduler,GroupedThreadFactory,1,0,2,2,14,2,0,0,0.0,1,1,C:\Users\Simon\Documents\git1\BungeeCord1\api\src\main\java\net\md_5\bungee\api\scheduler\GroupedThreadFactory.java,7
BungeeCord1,net.md_5.bungee.api.scheduler,GroupedThreadFactory.BungeeGroup,0,0,0,0,5,0,0,0,-1.0,0,0,C:\Users\Simon\Documents\git1\BungeeCord1\api\src\main\java\net\md_5\bungee\api\scheduler\GroupedThreadFactory.java,14
BungeeCord1,net.md_5.bungee.api.scheduler,ScheduledTask,0,0,4,0,24,4,1,0,-1.0,3,1,C:\Users\Simon\Documents\git1\BungeeCord1\api\src\main\java\net\md_5\bungee\api\scheduler\ScheduledTask.java,5
BungeeCord1,net.md_5.bungee.api.scheduler,TaskScheduler,0,0,7,0,60,7,1,0,-1.0,2,2,C:\Users\Simon\Documents\git1\BungeeCord1\api\src\main\java\net\md_5\bungee\api\scheduler\TaskScheduler.java,7
BungeeCord1,net.md_5.bungee.api.scheduler,TaskScheduler.Unsafe,0,0,0,0,8,0,0,0,-1.0,0,0,C:\Users\Simon\Documents\git1\BungeeCord1\api\src\main\java\net\md_5\bungee\api\scheduler\TaskScheduler.java,83
BungeeCord1,net.md_5.bungee.api.score,Objective,3,0,0,0,17,0,0,0,-1.0,2,0,C:\Users\Simon\Documents\git1\BungeeCord1\api\src\main\java\net\md_5\bungee\api\score\Objective.java,6
BungeeCord1,net.md_5.bungee.api.score,Position,0,0,0,0,4,0,0,0,-1.0,1,0,C:\Users\Simon\Documents\git1\BungeeCord1\api\src\main\java\net\md_5\bungee\api\score\Position.java,3
BungeeCord1,net.md_5.bungee.api.score,Score,3,0,0,0,17,0,0,0,-1.0,3,0,C:\Users\Simon\Documents\git1\BungeeCord1\api\src\main\java\net\md_5\bungee\api\score\Score.java,5
BungeeCord1,net.md_5.bungee.api.score,Scoreboard,5,0,13,13,70,13,0,0,0.0,4,4,C:\Users\Simon\Documents\git1\BungeeCord1\api\src\main\java\net\md_5\bungee\api\score\Scoreboard.java,11
BungeeCord1,net.md_5.bungee.api.score,Team,9,0,3,3,20,3,0,0,0.0,2,0,C:\Users\Simon\Documents\git1\BungeeCord1\api\src\main\java\net\md_5\bungee\api\score\Team.java,10
BungeeCord1,net.md_5.bungee.command,PlayerCommand,0,0,5,5,25,5,2,1,-1.0,0,2,C:\Users\Simon\Documents\git1\BungeeCord1\api\src\main\java\net\md_5\bungee\command\PlayerCommand.java,13
BungeeCord1,net.md_5.bungee.command,CommandBungee,0,0,2,2,8,2,0,1,-1.0,0,2,C:\Users\Simon\Documents\git1\BungeeCord1\proxy\src\main\java\net\md_5\bungee\command\CommandBungee.java,8
BungeeCord1,net.md_5.bungee.command,CommandEnd,0,0,2,2,16,3,0,1,-1.0,0,3,C:\Users\Simon\Documents\git1\BungeeCord1\proxy\src\main\java\net\md_5\bungee\command\CommandEnd.java,9
BungeeCord1,net.md_5.bungee.command,CommandIP,0,0,3,3,21,5,0,2,-1.0,0,3,C:\Users\Simon\Documents\git1\BungeeCord1\proxy\src\main\java\net\md_5\bungee\command\CommandIP.java,10
BungeeCord1,net.md_5.bungee.command,CommandPerms,0,0,2,2,15,4,0,1,-1.0,0,2,C:\Users\Simon\Documents\git1\BungeeCord1\proxy\src\main\java\net\md_5\bungee\command\CommandPerms.java,10
BungeeCord1,net.md_5.bungee.command,CommandReload,0,0,2,2,13,2,0,1,-1.0,0,3,C:\Users\Simon\Documents\git1\BungeeCord1\proxy\src\main\java\net\md_5\bungee\command\CommandReload.java,9
BungeeCord1,net.md_5.bungee.command,ConsoleCommandCompleter,1,0,1,1,16,2,0,0,0.0,0,1,C:\Users\Simon\Documents\git1\BungeeCord1\proxy\src\main\java\net\md_5\bungee\command\ConsoleCommandCompleter.java,12
BungeeCord1,net.md_5.bungee.command,ConsoleCommandSender,1,0,11,11,41,12,0,1,0.7272727272727273,0,1,C:\Users\Simon\Documents\git1\BungeeCord1\proxy\src\main\java\net\md_5\bungee\command\ConsoleCommandSender.java,12
BungeeCord1,net.md_5.bungee.util,CaseInsensitiveHashingStrategy,1,0,2,2,9,2,0,0,1.0,2,0,C:\Users\Simon\Documents\git1\BungeeCord1\api\src\main\java\net\md_5\bungee\util\CaseInsensitiveHashingStrategy.java,6
BungeeCord1,net.md_5.bungee.util,CaseInsensitiveMap,0,0,2,2,8,2,0,0,-1.0,5,1,C:\Users\Simon\Documents\git1\BungeeCord1\api\src\main\java\net\md_5\bungee\util\CaseInsensitiveMap.java,6
BungeeCord1,net.md_5.bungee.util,CaseInsensitiveSet,0,0,2,2,8,2,0,0,-1.0,2,1,C:\Users\Simon\Documents\git1\BungeeCord1\api\src\main\java\net\md_5\bungee\util\CaseInsensitiveSet.java,6
BungeeCord1,net.md_5.bungee.util,AddressParseTest,0,0,2,2,21,4,0,0,-1.0,0,1,C:\Users\Simon\Documents\git1\BungeeCord1\api\src\test\java\net\md_5\bungee\util\AddressParseTest.java,14
BungeeCord1,net.md_5.bungee.util,CaseInsensitiveTest,0,0,2,2,18,2,0,0,-1.0,0,2,C:\Users\Simon\Documents\git1\BungeeCord1\api\src\test\java\net\md_5\bungee\util\CaseInsensitiveTest.java,6
BungeeCord1,net.md_5.bungee.util,UUIDTest,0,0,2,2,14,3,0,0,-1.0,0,1,C:\Users\Simon\Documents\git1\BungeeCord1\api\src\test\java\net\md_5\bungee\util\UUIDTest.java,8
BungeeCord1,net.md_5.bungee.util,AddressUtil,0,0,1,1,13,2,0,0,-1.0,2,0,C:\Users\Simon\Documents\git1\BungeeCord1\proxy\src\main\java\net\md_5\bungee\util\AddressUtil.java,9
BungeeCord1,net.md_5.bungee.util,AllowedCharacters,0,0,3,2,24,7,0,0,-1.0,2,0,C:\Users\Simon\Documents\git1\BungeeCord1\proxy\src\main\java\net\md_5\bungee\util\AllowedCharacters.java,6
BungeeCord1,net.md_5.bungee.util,BufUtil,0,0,1,1,5,1,0,0,-1.0,3,0,C:\Users\Simon\Documents\git1\BungeeCord1\proxy\src\main\java\net\md_5\bungee\util\BufUtil.java,7
BungeeCord1,net.md_5.bungee.util,ChatComponentTransformer,2,0,6,5,90,17,0,0,0.3333333333333333,1,6,C:\Users\Simon\Documents\git1\BungeeCord1\proxy\src\main\java\net\md_5\bungee\util\ChatComponentTransformer.java,17
BungeeCord1,net.md_5.bungee.util,QuietException,0,0,3,3,14,3,0,0,-1.0,0,0,C:\Users\Simon\Documents\git1\BungeeCord1\proxy\src\main\java\net\md_5\bungee\util\QuietException.java,3
BungeeCord1,net.md_5.bungee.util,AddressUtilTest,0,0,1,1,8,1,0,0,-1.0,0,1,C:\Users\Simon\Documents\git1\BungeeCord1\proxy\src\test\java\net\md_5\bungee\util\AddressUtilTest.java,7
BungeeCord1,net.md_5.bungee,Util,1,1,8,8,90,11,0,0,0.75,10,0,C:\Users\Simon\Documents\git1\BungeeCord1\api\src\main\java\net\md_5\bungee\Util.java,13
BungeeCord1,net.md_5.bungee,Bootstrap,0,0,1,1,10,2,0,0,-1.0,1,1,C:\Users\Simon\Documents\git1\BungeeCord1\bootstrap\src\main\java\net\md_5\bungee\Bootstrap.java,3
BungeeCord1,net.md_5.bungee,NativeCipherTest,5,0,6,6,80,10,0,0,0.0,0,4,C:\Users\Simon\Documents\git1\BungeeCord1\native\src\test\java\net\md_5\bungee\NativeCipherTest.java,17
BungeeCord1,net.md_5.bungee,NativeZlibTest,1,0,4,2,51,6,0,0,0.0,0,2,C:\Users\Simon\Documents\git1\BungeeCord1\native\src\test\java\net\md_5\bungee\NativeZlibTest.java,15
BungeeCord1,net.md_5.bungee,BungeeCord,23,5,44,42,461,80,0,1,0.2727272727272727,25,25,C:\Users\Simon\Documents\git1\BungeeCord1\proxy\src\main\java\net\md_5\bungee\BungeeCord.java,105
BungeeCord1,net.md_5.bungee,BungeeCordLauncher,0,0,1,1,47,9,0,0,-1.0,1,3,C:\Users\Simon\Documents\git1\BungeeCord1\proxy\src\main\java\net\md_5\bungee\BungeeCordLauncher.java,16
BungeeCord1,net.md_5.bungee,BungeeServerInfo,8,0,14,14,88,21,0,1,0.2857142857142857,3,8,C:\Users\Simon\Documents\git1\BungeeCord1\proxy\src\main\java\net\md_5\bungee\BungeeServerInfo.java,35
BungeeCord1,net.md_5.bungee,BungeeTitle,7,0,12,10,101,21,0,1,0.0,0,5,C:\Users\Simon\Documents\git1\BungeeCord1\proxy\src\main\java\net\md_5\bungee\BungeeTitle.java,15
BungeeCord1,net.md_5.bungee,BungeeTitle.TitlePacketHolder,2,0,0,0,4,0,0,0,-1.0,0,1,C:\Users\Simon\Documents\git1\BungeeCord1\proxy\src\main\java\net\md_5\bungee\BungeeTitle.java,24
BungeeCord1,net.md_5.bungee,ConnectionThrottle,2,0,5,4,34,8,0,0,0.4,2,0,C:\Users\Simon\Documents\git1\BungeeCord1\proxy\src\main\java\net\md_5\bungee\ConnectionThrottle.java,14
BungeeCord1,net.md_5.bungee,EncryptionUtil,6,2,8,7,85,10,0,0,0.75,2,5,C:\Users\Simon\Documents\git1\BungeeCord1\proxy\src\main\java\net\md_5\bungee\EncryptionUtil.java,35
BungeeCord1,net.md_5.bungee,Metrics,5,0,4,1,78,6,0,0,0.0,1,1,C:\Users\Simon\Documents\git1\BungeeCord1\proxy\src\main\java\net\md_5\bungee\Metrics.java,14
BungeeCord1,net.md_5.bungee,PlayerInfoSerializer,0,0,2,2,20,3,0,0,-1.0,0,1,C:\Users\Simon\Documents\git1\BungeeCord1\proxy\src\main\java\net\md_5\bungee\PlayerInfoSerializer.java,14
BungeeCord1,net.md_5.bungee,PlayerSkinConfiguration,2,0,7,7,25,7,0,1,0.0,1,1,C:\Users\Simon\Documents\git1\BungeeCord1\proxy\src\main\java\net\md_5\bungee\PlayerSkinConfiguration.java,19
BungeeCord1,net.md_5.bungee,ServerConnection,9,0,11,11,58,13,0,2,0.36363636363636365,4,5,C:\Users\Simon\Documents\git1\BungeeCord1\proxy\src\main\java\net\md_5\bungee\ServerConnection.java,20
BungeeCord1,net.md_5.bungee,ServerConnection.KeepAliveData,2,0,0,0,4,0,0,0,-1.0,0,0,C:\Users\Simon\Documents\git1\BungeeCord1\proxy\src\main\java\net\md_5\bungee\ServerConnection.java,117
BungeeCord1,net.md_5.bungee,ServerConnector,7,0,15,14,250,53,0,2,0.2,1,38,C:\Users\Simon\Documents\git1\BungeeCord1\proxy\src\main\java\net\md_5\bungee\ServerConnector.java,67
BungeeCord1,net.md_5.bungee,ServerConnector.State,0,0,0,0,1,0,0,0,-1.0,0,0,C:\Users\Simon\Documents\git1\BungeeCord1\proxy\src\main\java\net\md_5\bungee\ServerConnector.java,80
BungeeCord1,net.md_5.bungee,UserConnection,29,0,69,66,0,111,0,2,0.2608695652173913,22,35,C:\Users\Simon\Documents\git1\BungeeCord1\proxy\src\main\java\net\md_5\bungee\UserConnection.java,72
BungeeCord1,net.md_5.bungee,ThrottleTest,1,0,1,1,29,1,0,0,0.0,0,1,C:\Users\Simon\Documents\git1\BungeeCord1\proxy\src\test\java\net\md_5\bungee\ThrottleTest.java,11
BungeeCord1,net.md_5.bungee,ThrottleTest.FixedTicker,1,0,0,0,6,0,0,0,-1.0,0,0,C:\Users\Simon\Documents\git1\BungeeCord1\proxy\src\test\java\net\md_5\bungee\ThrottleTest.java,14
BungeeCord1,net.md_5.bungee.api.chat,BaseComponent,7,0,43,39,452,88,5,0,0.11627906976744186,44,4,C:\Users\Simon\Documents\git1\BungeeCord1\chat\src\main\java\net\md_5\bungee\api\chat\BaseComponent.java,13
BungeeCord1,net.md_5.bungee.api.chat,ClickEvent,2,0,0,0,30,0,0,0,-1.0,11,0,C:\Users\Simon\Documents\git1\BungeeCord1\chat\src\main\java\net\md_5\bungee\api\chat\ClickEvent.java,8
BungeeCord1,net.md_5.bungee.api.chat,ClickEvent.Action,0,0,0,0,19,0,0,0,-1.0,0,0,C:\Users\Simon\Documents\git1\BungeeCord1\chat\src\main\java\net\md_5\bungee\api\chat\ClickEvent.java,26
BungeeCord1,net.md_5.bungee.api.chat,ComponentBuilder,3,0,37,35,368,46,0,0,0.2702702702702703,8,7,C:\Users\Simon\Documents\git1\BungeeCord1\chat\src\main\java\net\md_5\bungee\api\chat\ComponentBuilder.java,10
BungeeCord1,net.md_5.bungee.api.chat,ComponentBuilder.FormatRetention,0,0,0,0,13,0,0,0,-1.0,0,0,C:\Users\Simon\Documents\git1\BungeeCord1\chat\src\main\java\net\md_5\bungee\api\chat\ComponentBuilder.java,536
BungeeCord1,net.md_5.bungee.api.chat,ComponentBuilder.Joiner,0,0,0,0,12,0,0,0,-1.0,0,0,C:\Users\Simon\Documents\git1\BungeeCord1\chat\src\main\java\net\md_5\bungee\api\chat\ComponentBuilder.java,560
BungeeCord1,net.md_5.bungee.api.chat,ComponentStyle,7,0,18,18,156,18,0,0,0.1111111111111111,8,2,C:\Users\Simon\Documents\git1\BungeeCord1\chat\src\main\java\net\md_5\bungee\api\chat\ComponentStyle.java,9
BungeeCord1,net.md_5.bungee.api.chat,ComponentStyleBuilder,7,0,8,8,80,8,0,0,0.0,2,2,C:\Users\Simon\Documents\git1\BungeeCord1\chat\src\main\java\net\md_5\bungee\api\chat\ComponentStyleBuilder.java,5
BungeeCord1,net.md_5.bungee.api.chat,HoverEvent,3,0,5,5,0,10,0,0,0.0,16,3,C:\Users\Simon\Documents\git1\BungeeCord1\chat\src\main\java\net\md_5\bungee\api\chat\HoverEvent.java,18
BungeeCord1,net.md_5.bungee.api.chat,HoverEvent.Action,0,0,0,0,4,0,0,0,-1.0,0,0,C:\Users\Simon\Documents\git1\BungeeCord1\chat\src\main\java\net\md_5\bungee\api\chat\HoverEvent.java,107
BungeeCord1,net.md_5.bungee.api.chat,ItemTag,1,0,2,1,20,2,0,0,0.0,3,0,C:\Users\Simon\Documents\git1\BungeeCord1\chat\src\main\java\net\md_5\bungee\api\chat\ItemTag.java,17
BungeeCord1,net.md_5.bungee.api.chat,ItemTag.Serializer,0,0,0,0,8,0,0,0,-1.0,0,0,C:\Users\Simon\Documents\git1\BungeeCord1\chat\src\main\java\net\md_5\bungee\api\chat\ItemTag.java,58
BungeeCord1,net.md_5.bungee.api.chat,KeybindComponent,1,0,5,3,34,5,0,1,1.0,2,0,C:\Users\Simon\Documents\git1\BungeeCord1\chat\src\main\java\net\md_5\bungee\api\chat\KeybindComponent.java,9
BungeeCord1,net.md_5.bungee.api.chat,Keybinds,34,0,0,0,40,0,0,0,-1.0,0,0,C:\Users\Simon\Documents\git1\BungeeCord1\chat\src\main\java\net\md_5\bungee\api\chat\Keybinds.java,3
BungeeCord1,net.md_5.bungee.api.chat,ScoreComponent,3,0,5,3,48,5,0,1,0.8,4,0,C:\Users\Simon\Documents\git1\BungeeCord1\chat\src\main\java\net\md_5\bungee\api\chat\ScoreComponent.java,9
BungeeCord1,net.md_5.bungee.api.chat,SelectorComponent,2,0,5,3,41,5,0,1,0.6,2,1,C:\Users\Simon\Documents\git1\BungeeCord1\chat\src\main\java\net\md_5\bungee\api\chat\SelectorComponent.java,9
BungeeCord1,net.md_5.bungee.api.chat,TextComponent,2,0,13,10,198,33,0,1,0.46153846153846156,18,4,C:\Users\Simon\Documents\git1\BungeeCord1\chat\src\main\java\net\md_5\bungee\api\chat\TextComponent.java,14
BungeeCord1,net.md_5.bungee.api.chat,TranslatableComponent,4,0,10,7,151,28,0,1,0.3,5,3,C:\Users\Simon\Documents\git1\BungeeCord1\chat\src\main\java\net\md_5\bungee\api\chat\TranslatableComponent.java,14
BungeeCord1,net.md_5.bungee.api.chat,TranslationProvider,0,0,3,0,25,3,0,0,-1.0,2,1,C:\Users\Simon\Documents\git1\BungeeCord1\chat\src\main\java\net\md_5\bungee\api\chat\TranslationProvider.java,3
BungeeCord1,net.md_5.bungee.api.chat,ComponentsBuilderTest,0,0,23,16,138,24,0,0,-1.0,0,7,C:\Users\Simon\Documents\git1\BungeeCord1\chat\src\test\java\net\md_5\bungee\api\chat\ComponentsBuilderTest.java,13
BungeeCord1,net.md_5.bungee.api.chat,ComponentsFormatTest,0,0,9,7,65,9,0,0,-1.0,0,6,C:\Users\Simon\Documents\git1\BungeeCord1\chat\src\test\java\net\md_5\bungee\api\chat\ComponentsFormatTest.java,14
BungeeCord1,net.md_5.bungee.api.chat,ComponentsLegacyTest,0,0,12,9,82,14,0,0,-1.0,0,6,C:\Users\Simon\Documents\git1\BungeeCord1\chat\src\test\java\net\md_5\bungee\api\chat\ComponentsLegacyTest.java,13
BungeeCord1,net.md_5.bungee.api.chat,ComponentsTest,0,0,19,19,159,20,0,0,-1.0,0,7,C:\Users\Simon\Documents\git1\BungeeCord1\chat\src\test\java\net\md_5\bungee\api\chat\ComponentsTest.java,16
BungeeCord1,net.md_5.bungee.api.chat,TranslatableComponentTest,0,0,3,3,26,3,0,0,-1.0,0,3,C:\Users\Simon\Documents\git1\BungeeCord1\chat\src\test\java\net\md_5\bungee\api\chat\TranslatableComponentTest.java,8
BungeeCord1,net.md_5.bungee.api.chat.hover.content,Content,0,0,2,2,17,3,3,0,-1.0,2,1,C:\Users\Simon\Documents\git1\BungeeCord1\chat\src\main\java\net\md_5\bungee\api\chat\hover\content\Content.java,7
BungeeCord1,net.md_5.bungee.api.chat.hover.content,Entity,3,0,1,1,17,1,0,1,0.0,1,2,C:\Users\Simon\Documents\git1\BungeeCord1\chat\src\main\java\net\md_5\bungee\api\chat\hover\content\Entity.java,11
BungeeCord1,net.md_5.bungee.api.chat.hover.content,EntitySerializer,0,0,3,2,26,5,0,0,-1.0,0,2,C:\Users\Simon\Documents\git1\BungeeCord1\chat\src\main\java\net\md_5\bungee\api\chat\hover\content\EntitySerializer.java,14
BungeeCord1,net.md_5.bungee.api.chat.hover.content,Item,3,0,1,1,17,1,0,1,0.0,1,2,C:\Users\Simon\Documents\git1\BungeeCord1\chat\src\main\java\net\md_5\bungee\api\chat\hover\content\Item.java,10
BungeeCord1,net.md_5.bungee.api.chat.hover.content,ItemSerializer,0,0,2,2,37,8,0,0,-1.0,0,2,C:\Users\Simon\Documents\git1\BungeeCord1\chat\src\main\java\net\md_5\bungee\api\chat\hover\content\ItemSerializer.java,14
BungeeCord1,net.md_5.bungee.api.chat.hover.content,Text,1,0,6,6,29,7,0,1,0.3333333333333333,2,2,C:\Users\Simon\Documents\git1\BungeeCord1\chat\src\main\java\net\md_5\bungee\api\chat\hover\content\Text.java,9
BungeeCord1,net.md_5.bungee.api.chat.hover.content,TextSerializer,0,0,2,2,16,4,0,0,-1.0,0,2,C:\Users\Simon\Documents\git1\BungeeCord1\chat\src\main\java\net\md_5\bungee\api\chat\hover\content\TextSerializer.java,12
BungeeCord1,net.md_5.bungee.chat,BaseComponentSerializer,0,0,2,0,90,18,5,0,-1.0,0,6,C:\Users\Simon\Documents\git1\BungeeCord1\chat\src\main\java\net\md_5\bungee\chat\BaseComponentSerializer.java,19
BungeeCord1,net.md_5.bungee.chat,ComponentSerializer,2,1,12,12,108,22,0,0,0.3333333333333333,13,8,C:\Users\Simon\Documents\git1\BungeeCord1\chat\src\main\java\net\md_5\bungee\chat\ComponentSerializer.java,30
BungeeCord1,net.md_5.bungee.chat,ComponentStyleSerializer,0,0,4,2,77,23,0,0,-1.0,1,3,C:\Users\Simon\Documents\git1\BungeeCord1\chat\src\main\java\net\md_5\bungee\chat\ComponentStyleSerializer.java,17
BungeeCord1,net.md_5.bungee.chat,KeybindComponentSerializer,0,0,2,2,19,3,0,1,-1.0,0,1,C:\Users\Simon\Documents\git1\BungeeCord1\chat\src\main\java\net\md_5\bungee\chat\KeybindComponentSerializer.java,13
BungeeCord1,net.md_5.bungee.chat,ScoreComponentSerializer,0,0,2,2,36,6,0,1,-1.0,0,1,C:\Users\Simon\Documents\git1\BungeeCord1\chat\src\main\java\net\md_5\bungee\chat\ScoreComponentSerializer.java,13
BungeeCord1,net.md_5.bungee.chat,SelectorComponentSerializer,0,0,2,2,25,5,0,1,-1.0,0,2,C:\Users\Simon\Documents\git1\BungeeCord1\chat\src\main\java\net\md_5\bungee\chat\SelectorComponentSerializer.java,13
BungeeCord1,net.md_5.bungee.chat,TextComponentSerializer,0,0,2,2,18,3,0,1,-1.0,0,1,C:\Users\Simon\Documents\git1\BungeeCord1\chat\src\main\java\net\md_5\bungee\chat\TextComponentSerializer.java,13
BungeeCord1,net.md_5.bungee.chat,TranslatableComponentSerializer,0,0,2,2,33,7,0,1,-1.0,0,1,C:\Users\Simon\Documents\git1\BungeeCord1\chat\src\main\java\net\md_5\bungee\chat\TranslatableComponentSerializer.java,15
BungeeCord1,net.md_5.bungee.chat,TranslationRegistry,4,1,2,1,59,4,0,0,0.0,1,0,C:\Users\Simon\Documents\git1\BungeeCord1\chat\src\main\java\net\md_5\bungee\chat\TranslationRegistry.java,19
BungeeCord1,net.md_5.bungee.chat,TranslationRegistry.TranslationProvider,0,0,0,0,3,0,0,0,-1.0,0,0,C:\Users\Simon\Documents\git1\BungeeCord1\chat\src\main\java\net\md_5\bungee\chat\TranslationRegistry.java,72
BungeeCord1,net.md_5.bungee.chat,TranslationRegistry.ResourceBundleProvider,1,0,0,0,9,0,0,0,-1.0,0,0,C:\Users\Simon\Documents\git1\BungeeCord1\chat\src\main\java\net\md_5\bungee\chat\TranslationRegistry.java,78
BungeeCord1,net.md_5.bungee.chat,TranslationRegistry.JsonProvider,1,0,0,0,14,0,0,0,-1.0,0,0,C:\Users\Simon\Documents\git1\BungeeCord1\chat\src\main\java\net\md_5\bungee\chat\TranslationRegistry.java,96
BungeeCord1,net.md_5.bungee.config,Configuration,3,0,41,38,262,68,0,0,0.07317073170731707,5,0,C:\Users\Simon\Documents\git1\BungeeCord1\config\src\main\java\net\md_5\bungee\config\Configuration.java,11
BungeeCord1,net.md_5.bungee.config,ConfigurationProvider,1,0,11,11,28,11,2,0,1.0,1,1,C:\Users\Simon\Documents\git1\BungeeCord1\config\src\main\java\net\md_5\bungee\config\ConfigurationProvider.java,11
BungeeCord1,net.md_5.bungee.config,JsonConfiguration,1,0,11,11,50,13,0,1,0.7272727272727273,1,1,C:\Users\Simon\Documents\git1\BungeeCord1\config\src\main\java\net\md_5\bungee\config\JsonConfiguration.java,24
BungeeCord1,net.md_5.bungee.config,YamlConfiguration,1,0,12,11,67,15,0,1,0.6666666666666666,1,1,C:\Users\Simon\Documents\git1\BungeeCord1\config\src\main\java\net\md_5\bungee\config\YamlConfiguration.java,24
BungeeCord1,net.md_5.bungee.config,CompoundConfigurationTest,0,0,6,5,56,7,0,0,-1.0,0,4,C:\Users\Simon\Documents\git1\BungeeCord1\config\src\test\java\net\md_5\bungee\config\CompoundConfigurationTest.java,15
BungeeCord1,net.md_5.bungee.config,DefaultConfigurationTest,0,0,1,1,12,1,0,0,-1.0,0,1,C:\Users\Simon\Documents\git1\BungeeCord1\config\src\test\java\net\md_5\bungee\config\DefaultConfigurationTest.java,6
BungeeCord1,net.md_5.bungee.event,EventBus,4,0,7,5,125,26,0,0,0.2857142857142857,4,1,C:\Users\Simon\Documents\git1\BungeeCord1\event\src\main\java\net\md_5\bungee\event\EventBus.java,19
BungeeCord1,net.md_5.bungee.event,EventHandlerMethod,2,0,1,1,7,1,0,0,0.0,1,0,C:\Users\Simon\Documents\git1\BungeeCord1\event\src\main\java\net\md_5\bungee\event\EventHandlerMethod.java,8
BungeeCord1,net.md_5.bungee.event,EventPriority,5,5,0,0,10,0,0,0,-1.0,2,0,C:\Users\Simon\Documents\git1\BungeeCord1\event\src\main\java\net\md_5\bungee\event\EventPriority.java,6
BungeeCord1,net.md_5.bungee.event,EventBusTest,2,0,3,3,21,3,1,0,0.0,0,1,C:\Users\Simon\Documents\git1\BungeeCord1\event\src\test\java\net\md_5\bungee\event\EventBusTest.java,7
BungeeCord1,net.md_5.bungee.event,EventBusTest.FirstEvent,0,0,0,0,2,0,0,0,-1.0,0,0,C:\Users\Simon\Documents\git1\BungeeCord1\event\src\test\java\net\md_5\bungee\event\EventBusTest.java,35
BungeeCord1,net.md_5.bungee.event,EventBusTest.SecondEvent,0,0,0,0,2,0,0,0,-1.0,0,0,C:\Users\Simon\Documents\git1\BungeeCord1\event\src\test\java\net\md_5\bungee\event\EventBusTest.java,39
BungeeCord1,net.md_5.bungee.event,EventPriorityTest,2,0,6,6,42,6,0,0,0.0,0,2,C:\Users\Simon\Documents\git1\BungeeCord1\event\src\test\java\net\md_5\bungee\event\EventPriorityTest.java,7
BungeeCord1,net.md_5.bungee.event,EventPriorityTest.PriorityTestEvent,0,0,0,0,2,0,0,0,-1.0,0,0,C:\Users\Simon\Documents\git1\BungeeCord1\event\src\test\java\net\md_5\bungee\event\EventPriorityTest.java,57
BungeeCord1,net.md_5.bungee.event,EventPriorityTest.EventPriorityListenerPartner,0,0,0,0,10,0,0,0,-1.0,0,1,C:\Users\Simon\Documents\git1\BungeeCord1\event\src\test\java\net\md_5\bungee\event\EventPriorityTest.java,61
BungeeCord1,net.md_5.bungee.event,SubclassTest,1,0,2,1,11,2,0,1,0.0,0,0,C:\Users\Simon\Documents\git1\BungeeCord1\event\src\test\java\net\md_5\bungee\event\SubclassTest.java,7
BungeeCord1,net.md_5.bungee.event,UnregisteringListenerTest,1,0,2,2,13,2,0,0,1.0,0,1,C:\Users\Simon\Documents\git1\BungeeCord1\event\src\test\java\net\md_5\bungee\event\UnregisteringListenerTest.java,6
BungeeCord1,net.md_5.bungee.event,UnregisteringListenerTest.TestEvent,0,0,0,0,2,0,0,0,-1.0,0,0,C:\Users\Simon\Documents\git1\BungeeCord1\event\src\test\java\net\md_5\bungee\event\UnregisteringListenerTest.java,25
BungeeCord1,net.md_5.bungee.log,BungeeLogger,1,0,3,2,29,3,0,0,0.6666666666666666,2,2,C:\Users\Simon\Documents\git1\BungeeCord1\log\src\main\java\net\md_5\bungee\log\BungeeLogger.java,11
BungeeCord1,net.md_5.bungee.log,ColouredWriter,4,0,6,5,35,8,0,0,0.6666666666666666,1,1,C:\Users\Simon\Documents\git1\BungeeCord1\log\src\main\java\net\md_5\bungee\log\ColouredWriter.java,13
BungeeCord1,net.md_5.bungee.log,ColouredWriter.ReplacementSpecification,2,0,0,0,4,0,0,0,-1.0,0,0,C:\Users\Simon\Documents\git1\BungeeCord1\log\src\main\java\net\md_5\bungee\log\ColouredWriter.java,16
BungeeCord1,net.md_5.bungee.log,ConciseFormatter,2,0,2,1,39,7,0,0,0.0,0,1,C:\Users\Simon\Documents\git1\BungeeCord1\log\src\main\java\net\md_5\bungee\log\ConciseFormatter.java,13
BungeeCord1,net.md_5.bungee.log,LogDispatcher,2,0,3,3,28,6,0,0,0.0,1,1,C:\Users\Simon\Documents\git1\BungeeCord1\log\src\main\java\net\md_5\bungee\log\LogDispatcher.java,7
BungeeCord1,net.md_5.bungee.log,LoggingForwardHandler,1,0,3,3,10,3,0,0,1.0,0,0,C:\Users\Simon\Documents\git1\BungeeCord1\log\src\main\java\net\md_5\bungee\log\LoggingForwardHandler.java,8
BungeeCord1,net.md_5.bungee.log,LoggingOutputStream,3,0,1,1,12,2,0,0,0.0,0,0,C:\Users\Simon\Documents\git1\BungeeCord1\log\src\main\java\net\md_5\bungee\log\LoggingOutputStream.java,10
BungeeCord1,net.md_5.bungee.module.cmd.alert,CommandAlert,0,0,2,2,25,5,0,1,-1.0,0,3,C:\Users\Simon\Documents\git1\BungeeCord1\module\cmd-alert\src\main\java\net\md_5\bungee\module\cmd\alert\CommandAlert.java,10
BungeeCord1,net.md_5.bungee.module.cmd.alert,CommandAlertRaw,0,0,2,2,28,5,0,1,-1.0,0,4,C:\Users\Simon\Documents\git1\BungeeCord1\module\cmd-alert\src\main\java\net\md_5\bungee\module\cmd\alert\CommandAlertRaw.java,13
BungeeCord1,net.md_5.bungee.module.cmd.alert,PluginAlert,0,0,1,1,6,1,0,1,-1.0,0,0,C:\Users\Simon\Documents\git1\BungeeCord1\module\cmd-alert\src\main\java\net\md_5\bungee\module\cmd\alert\PluginAlert.java,5
BungeeCord1,net.md_5.bungee.module.cmd.find,CommandFind,0,0,3,3,29,6,0,2,-1.0,0,6,C:\Users\Simon\Documents\git1\BungeeCord1\module\cmd-find\src\main\java\net\md_5\bungee\module\cmd\find\CommandFind.java,13
BungeeCord1,net.md_5.bungee.module.cmd.find,PluginFind,0,0,1,1,5,1,0,1,-1.0,0,0,C:\Users\Simon\Documents\git1\BungeeCord1\module\cmd-find\src\main\java\net\md_5\bungee\module\cmd\find\PluginFind.java,5
BungeeCord1,net.md_5.bungee.module.cmd.kick,CommandKick,0,0,3,3,40,9,0,1,-1.0,0,4,C:\Users\Simon\Documents\git1\BungeeCord1\module\cmd-kick\src\main\java\net\md_5\bungee\module\cmd\kick\CommandKick.java,16
BungeeCord1,net.md_5.bungee.module.cmd.kick,PluginKick,0,0,1,1,5,1,0,1,-1.0,0,0,C:\Users\Simon\Documents\git1\BungeeCord1\module\cmd-kick\src\main\java\net\md_5\bungee\module\cmd\kick\PluginKick.java,5
BungeeCord1,net.md_5.bungee.module.cmd.list,CommandList,0,0,3,3,36,8,0,1,-1.0,0,6,C:\Users\Simon\Documents\git1\BungeeCord1\module\cmd-list\src\main\java\net\md_5\bungee\module\cmd\list\CommandList.java,20
BungeeCord1,net.md_5.bungee.module.cmd.list,PluginList,0,0,1,1,5,1,0,1,-1.0,0,0,C:\Users\Simon\Documents\git1\BungeeCord1\module\cmd-list\src\main\java\net\md_5\bungee\module\cmd\list\PluginList.java,5
BungeeCord1,net.md_5.bungee.module.cmd.send,CommandSend,6,0,3,3,120,19,0,1,0.6666666666666666,0,7,C:\Users\Simon\Documents\git1\BungeeCord1\module\cmd-send\src\main\java\net\md_5\bungee\module\cmd\send\CommandSend.java,26
BungeeCord1,net.md_5.bungee.module.cmd.send,CommandSend.SendCallback,6,0,0,0,43,0,0,0,-1.0,0,6,C:\Users\Simon\Documents\git1\BungeeCord1\module\cmd-send\src\main\java\net\md_5\bungee\module\cmd\send\CommandSend.java,29
BungeeCord1,net.md_5.bungee.module.cmd.send,CommandSend.Entry,3,0,0,0,20,0,0,1,-1.0,0,3,C:\Users\Simon\Documents\git1\BungeeCord1\module\cmd-send\src\main\java\net\md_5\bungee\module\cmd\send\CommandSend.java,62
BungeeCord1,net.md_5.bungee.module.cmd.send,PluginSend,0,0,1,1,5,1,0,1,-1.0,0,0,C:\Users\Simon\Documents\git1\BungeeCord1\module\cmd-send\src\main\java\net\md_5\bungee\module\cmd\send\PluginSend.java,5
BungeeCord1,net.md_5.bungee.module.cmd.server,CommandServer,1,0,5,5,59,12,0,1,0.8,0,8,C:\Users\Simon\Documents\git1\BungeeCord1\module\cmd-server\src\main\java\net\md_5\bungee\module\cmd\server\CommandServer.java,21
BungeeCord1,net.md_5.bungee.module.cmd.server,PluginServer,0,0,1,1,5,1,0,1,-1.0,0,0,C:\Users\Simon\Documents\git1\BungeeCord1\module\cmd-server\src\main\java\net\md_5\bungee\module\cmd\server\PluginServer.java,5
BungeeCord1,net.md_5.bungee.module.reconnect.yaml,PluginYaml,0,0,1,1,10,3,0,1,-1.0,0,0,C:\Users\Simon\Documents\git1\BungeeCord1\module\reconnect-yaml\src\main\java\net\md_5\bungee\module\reconnect\yaml\PluginYaml.java,6
BungeeCord1,net.md_5.bungee.module.reconnect.yaml,YamlReconnectHandler,4,0,6,4,66,8,0,2,0.3333333333333333,0,3,C:\Users\Simon\Documents\git1\BungeeCord1\module\reconnect-yaml\src\main\java\net\md_5\bungee\module\reconnect\yaml\YamlReconnectHandler.java,20
BungeeCord1,net.md_5.bungee.jni.cipher,BungeeCipher,0,0,4,0,9,4,2,0,-1.0,5,0,C:\Users\Simon\Documents\git1\BungeeCord1\native\src\main\java\net\md_5\bungee\jni\cipher\BungeeCipher.java,8
BungeeCord1,net.md_5.bungee.jni.cipher,JavaCipher,3,0,6,5,52,8,0,1,0.3333333333333333,1,0,C:\Users\Simon\Documents\git1\BungeeCord1\native\src\main\java\net\md_5\bungee\jni\cipher\JavaCipher.java,11
BungeeCord1,net.md_5.bungee.jni.cipher,JavaCipher.EmptyByteThreadLocal,0,0,0,0,5,0,0,0,-1.0,0,0,C:\Users\Simon\Documents\git1\BungeeCord1\native\src\main\java\net\md_5\bungee\jni\cipher\JavaCipher.java,18
BungeeCord1,net.md_5.bungee.jni.cipher,NativeCipher,2,0,4,4,34,6,0,1,0.0,1,1,C:\Users\Simon\Documents\git1\BungeeCord1\native\src\main\java\net\md_5\bungee\jni\cipher\NativeCipher.java,10
BungeeCord1,net.md_5.bungee.jni.cipher,NativeCipherImpl,0,0,3,0,5,3,0,0,-1.0,1,0,C:\Users\Simon\Documents\git1\BungeeCord1\native\src\main\java\net\md_5\bungee\jni\cipher\NativeCipherImpl.java,3
BungeeCord1,net.md_5.bungee.jni,NativeCode,4,0,4,4,45,6,0,0,0.0,4,0,C:\Users\Simon\Documents\git1\BungeeCord1\native\src\main\java\net\md_5\bungee\jni\NativeCode.java,12
BungeeCord1,net.md_5.bungee.jni,NativeCodeException,0,0,1,1,5,1,0,0,-1.0,1,0,C:\Users\Simon\Documents\git1\BungeeCord1\native\src\main\java\net\md_5\bungee\jni\NativeCodeException.java,3
BungeeCord1,net.md_5.bungee.jni.zlib,BungeeZlib,0,0,3,0,5,3,2,0,-1.0,3,0,C:\Users\Simon\Documents\git1\BungeeCord1\native\src\main\java\net\md_5\bungee\jni\zlib\BungeeZlib.java,6
BungeeCord1,net.md_5.bungee.jni.zlib,JavaZlib,4,0,3,3,45,9,0,1,0.0,0,0,C:\Users\Simon\Documents\git1\BungeeCord1\native\src\main\java\net\md_5\bungee\jni\zlib\JavaZlib.java,8
BungeeCord1,net.md_5.bungee.jni.zlib,NativeCompressImpl,2,0,6,0,15,6,0,0,1.0,1,1,C:\Users\Simon\Documents\git1\BungeeCord1\native\src\main\java\net\md_5\bungee\jni\zlib\NativeCompressImpl.java,5
BungeeCord1,net.md_5.bungee.jni.zlib,NativeZlib,3,0,3,3,38,5,0,1,0.0,0,1,C:\Users\Simon\Documents\git1\BungeeCord1\native\src\main\java\net\md_5\bungee\jni\zlib\NativeZlib.java,9
BungeeCord1,net.md_5.bungee.protocol,AbstractPacketHandler,0,0,55,55,112,55,1,0,-1.0,58,55,C:\Users\Simon\Documents\git1\BungeeCord1\protocol\src\main\java\net\md_5\bungee\protocol\AbstractPacketHandler.java,59
BungeeCord1,net.md_5.bungee.protocol,BadPacketException,0,0,2,2,8,2,0,0,-1.0,0,0,C:\Users\Simon\Documents\git1\BungeeCord1\protocol\src\main\java\net\md_5\bungee\protocol\BadPacketException.java,3
BungeeCord1,net.md_5.bungee.protocol,ChatChain,4,0,5,3,43,9,0,1,0.4,2,3,C:\Users\Simon\Documents\git1\BungeeCord1\protocol\src\main\java\net\md_5\bungee\protocol\ChatChain.java,13
BungeeCord1,net.md_5.bungee.protocol,ChatChain.ChainLink,2,0,0,0,4,0,0,0,-1.0,0,0,C:\Users\Simon\Documents\git1\BungeeCord1\protocol\src\main\java\net\md_5\bungee\protocol\ChatChain.java,75
BungeeCord1,net.md_5.bungee.protocol,DefinedPacket,0,0,50,50,0,92,57,0,-1.0,74,11,C:\Users\Simon\Documents\git1\BungeeCord1\protocol\src\main\java\net\md_5\bungee\protocol\DefinedPacket.java,29
BungeeCord1,net.md_5.bungee.protocol,Either,2,0,6,6,32,8,0,0,0.0,5,0,C:\Users\Simon\Documents\git1\BungeeCord1\protocol\src\main\java\net\md_5\bungee\protocol\Either.java,8
BungeeCord1,net.md_5.bungee.protocol,KickStringWriter,0,0,1,0,9,2,0,0,-1.0,1,0,C:\Users\Simon\Documents\git1\BungeeCord1\protocol\src\main\java\net\md_5\bungee\protocol\KickStringWriter.java,8
BungeeCord1,net.md_5.bungee.protocol,LegacyDecoder,0,0,1,0,24,5,0,0,-1.0,0,1,C:\Users\Simon\Documents\git1\BungeeCord1\protocol\src\main\java\net\md_5\bungee\protocol\LegacyDecoder.java,11
BungeeCord1,net.md_5.bungee.protocol,Location,2,0,0,0,4,0,0,0,-1.0,2,0,C:\Users\Simon\Documents\git1\BungeeCord1\protocol\src\main\java\net\md_5\bungee\protocol\Location.java,5
BungeeCord1,net.md_5.bungee.protocol,MinecraftDecoder,3,0,1,0,32,5,0,0,0.0,1,2,C:\Users\Simon\Documents\git1\BungeeCord1\protocol\src\main\java\net\md_5\bungee\protocol\MinecraftDecoder.java,11
BungeeCord1,net.md_5.bungee.protocol,MinecraftEncoder,3,0,1,0,10,1,0,0,0.0,2,2,C:\Users\Simon\Documents\git1\BungeeCord1\protocol\src\main\java\net\md_5\bungee\protocol\MinecraftEncoder.java,10
BungeeCord1,net.md_5.bungee.protocol,NumberFormat,2,0,0,0,5,0,0,0,-1.0,3,0,C:\Users\Simon\Documents\git1\BungeeCord1\protocol\src\main\java\net\md_5\bungee\protocol\NumberFormat.java,5
BungeeCord1,net.md_5.bungee.protocol,NumberFormat.Type,0,0,0,0,1,0,0,0,-1.0,0,0,C:\Users\Simon\Documents\git1\BungeeCord1\protocol\src\main\java\net\md_5\bungee\protocol\NumberFormat.java,12
BungeeCord1,net.md_5.bungee.protocol,OverflowPacketException,0,0,1,1,5,1,0,0,-1.0,0,0,C:\Users\Simon\Documents\git1\BungeeCord1\protocol\src\main\java\net\md_5\bungee\protocol\OverflowPacketException.java,3
BungeeCord1,net.md_5.bungee.protocol,PacketWrapper,4,3,1,1,12,2,0,0,0.0,9,2,C:\Users\Simon\Documents\git1\BungeeCord1\protocol\src\main\java\net\md_5\bungee\protocol\PacketWrapper.java,7
BungeeCord1,net.md_5.bungee.protocol,PlayerPublicKey,3,0,0,0,5,0,0,0,-1.0,7,0,C:\Users\Simon\Documents\git1\BungeeCord1\protocol\src\main\java\net\md_5\bungee\protocol\PlayerPublicKey.java,5
BungeeCord1,net.md_5.bungee.protocol,Property,3,0,1,1,8,1,0,0,0.0,2,0,C:\Users\Simon\Documents\git1\BungeeCord1\protocol\src\main\java\net\md_5\bungee\protocol\Property.java,6
BungeeCord1,net.md_5.bungee.protocol,Protocol,11,3,0,0,198,0,0,0,-1.0,20,1,C:\Users\Simon\Documents\git1\BungeeCord1\protocol\src\main\java\net\md_5\bungee\protocol\Protocol.java,65
BungeeCord1,net.md_5.bungee.protocol,Protocol.ProtocolData,3,0,0,0,5,0,0,0,-1.0,0,0,C:\Users\Simon\Documents\git1\BungeeCord1\protocol\src\main\java\net\md_5\bungee\protocol\Protocol.java,833
BungeeCord1,net.md_5.bungee.protocol,Protocol.ProtocolMapping,2,0,0,0,4,0,0,0,-1.0,0,0,C:\Users\Simon\Documents\git1\BungeeCord1\protocol\src\main\java\net\md_5\bungee\protocol\Protocol.java,843
BungeeCord1,net.md_5.bungee.protocol,Protocol.DirectionData,3,0,0,0,68,0,0,0,-1.0,0,2,C:\Users\Simon\Documents\git1\BungeeCord1\protocol\src\main\java\net\md_5\bungee\protocol\Protocol.java,857
BungeeCord1,net.md_5.bungee.protocol,ProtocolConstants,43,42,0,0,54,0,0,0,-1.0,70,0,C:\Users\Simon\Documents\git1\BungeeCord1\protocol\src\main\java\net\md_5\bungee\protocol\ProtocolConstants.java,6
BungeeCord1,net.md_5.bungee.protocol,ProtocolConstants.Direction,0,0,0,0,1,0,0,0,-1.0,0,0,C:\Users\Simon\Documents\git1\BungeeCord1\protocol\src\main\java\net\md_5\bungee\protocol\ProtocolConstants.java,124
BungeeCord1,net.md_5.bungee.protocol,SeenMessages,2,0,3,3,15,3,0,1,0.6666666666666666,2,3,C:\Users\Simon\Documents\git1\BungeeCord1\protocol\src\main\java\net\md_5\bungee\protocol\SeenMessages.java,10
BungeeCord1,net.md_5.bungee.protocol,TagUtil,0,0,2,2,0,45,0,0,-1.0,2,0,C:\Users\Simon\Documents\git1\BungeeCord1\protocol\src\main\java\net\md_5\bungee\protocol\TagUtil.java,30
BungeeCord1,net.md_5.bungee.protocol,Varint21FrameDecoder,1,0,1,0,44,9,0,0,0.0,0,1,C:\Users\Simon\Documents\git1\BungeeCord1\protocol\src\main\java\net\md_5\bungee\protocol\Varint21FrameDecoder.java,10
BungeeCord1,net.md_5.bungee.protocol,Varint21LengthFieldExtraBufPrepender,0,0,1,0,12,1,0,0,-1.0,1,2,C:\Users\Simon\Documents\git1\BungeeCord1\protocol\src\main\java\net\md_5\bungee\protocol\Varint21LengthFieldExtraBufPrepender.java,9
BungeeCord1,net.md_5.bungee.protocol,Varint21LengthFieldPrepender,0,0,2,0,27,6,0,0,-1.0,2,1,C:\Users\Simon\Documents\git1\BungeeCord1\protocol\src\main\java\net\md_5\bungee\protocol\Varint21LengthFieldPrepender.java,8
BungeeCord1,net.md_5.bungee.protocol,TagUtilTest,1,0,2,1,13,2,0,0,0.0,0,1,C:\Users\Simon\Documents\git1\BungeeCord1\protocol\src\test\java\net\md_5\bungee\protocol\TagUtilTest.java,9
BungeeCord1,net.md_5.bungee.protocol.packet,BossBar,7,0,4,4,68,14,0,1,0.5,2,4,C:\Users\Simon\Documents\git1\BungeeCord1\protocol\src\main\java\net\md_5\bungee\protocol\packet\BossBar.java,13
BungeeCord1,net.md_5.bungee.protocol.packet,Chat,4,0,6,6,38,10,0,1,0.3333333333333333,2,3,C:\Users\Simon\Documents\git1\BungeeCord1\protocol\src\main\java\net\md_5\bungee\protocol\packet\Chat.java,12
BungeeCord1,net.md_5.bungee.protocol.packet,ClearTitles,1,0,3,3,12,3,0,1,0.6666666666666666,1,2,C:\Users\Simon\Documents\git1\BungeeCord1\protocol\src\main\java\net\md_5\bungee\protocol\packet\ClearTitles.java,12
BungeeCord1,net.md_5.bungee.protocol.packet,ClientChat,7,0,3,3,60,13,0,1,0.6666666666666666,2,5,C:\Users\Simon\Documents\git1\BungeeCord1\protocol\src\main\java\net\md_5\bungee\protocol\packet\ClientChat.java,14
BungeeCord1,net.md_5.bungee.protocol.packet,ClientCommand,7,0,3,3,67,13,0,1,0.6666666666666666,2,5,C:\Users\Simon\Documents\git1\BungeeCord1\protocol\src\main\java\net\md_5\bungee\protocol\packet\ClientCommand.java,17
BungeeCord1,net.md_5.bungee.protocol.packet,ClientSettings,9,0,3,3,51,10,0,1,0.6666666666666666,3,3,C:\Users\Simon\Documents\git1\BungeeCord1\protocol\src\main\java\net\md_5\bungee\protocol\packet\ClientSettings.java,12
BungeeCord1,net.md_5.bungee.protocol.packet,ClientStatus,1,0,3,3,12,3,0,1,0.6666666666666666,1,1,C:\Users\Simon\Documents\git1\BungeeCord1\protocol\src\main\java\net\md_5\bungee\protocol\packet\ClientStatus.java,11
BungeeCord1,net.md_5.bungee.protocol.packet,Commands,36,1,4,3,0,30,0,1,0.75,2,3,C:\Users\Simon\Documents\git1\BungeeCord1\protocol\src\main\java\net\md_5\bungee\protocol\packet\Commands.java,41
BungeeCord1,net.md_5.bungee.protocol.packet,Commands.NetworkNode,5,0,0,0,42,0,0,0,-1.0,0,0,C:\Users\Simon\Documents\git1\BungeeCord1\protocol\src\main\java\net\md_5\bungee\protocol\packet\Commands.java,233
BungeeCord1,net.md_5.bungee.protocol.packet,Commands.ArgumentRegistry,20,0,0,0,0,0,0,0,-1.0,0,1,C:\Users\Simon\Documents\git1\BungeeCord1\protocol\src\main\java\net\md_5\bungee\protocol\packet\Commands.java,305
BungeeCord1,net.md_5.bungee.protocol.packet,Commands.DummyType,3,0,0,0,8,0,0,0,-1.0,0,0,C:\Users\Simon\Documents\git1\BungeeCord1\protocol\src\main\java\net\md_5\bungee\protocol\packet\Commands.java,939
BungeeCord1,net.md_5.bungee.protocol.packet,Commands.ArgumentSerializer,0,0,0,0,4,0,0,0,-1.0,0,0,C:\Users\Simon\Documents\git1\BungeeCord1\protocol\src\main\java\net\md_5\bungee\protocol\packet\Commands.java,954
BungeeCord1,net.md_5.bungee.protocol.packet,Commands.ProperArgumentSerializer,0,0,0,0,4,0,0,0,-1.0,0,0,C:\Users\Simon\Documents\git1\BungeeCord1\protocol\src\main\java\net\md_5\bungee\protocol\packet\Commands.java,962
BungeeCord1,net.md_5.bungee.protocol.packet,Commands.SuggestionRegistry,3,1,0,0,29,0,0,0,-1.0,0,0,C:\Users\Simon\Documents\git1\BungeeCord1\protocol\src\main\java\net\md_5\bungee\protocol\packet\Commands.java,971
BungeeCord1,net.md_5.bungee.protocol.packet,Commands.DummyProvider,1,0,0,0,6,0,0,0,-1.0,0,0,C:\Users\Simon\Documents\git1\BungeeCord1\protocol\src\main\java\net\md_5\bungee\protocol\packet\Commands.java,1007
BungeeCord1,net.md_5.bungee.protocol.packet,CookieRequest,1,0,3,3,12,3,0,1,0.6666666666666666,2,3,C:\Users\Simon\Documents\git1\BungeeCord1\protocol\src\main\java\net\md_5\bungee\protocol\packet\CookieRequest.java,12
BungeeCord1,net.md_5.bungee.protocol.packet,CookieResponse,2,0,3,3,15,3,0,1,0.6666666666666666,3,3,C:\Users\Simon\Documents\git1\BungeeCord1\protocol\src\main\java\net\md_5\bungee\protocol\packet\CookieResponse.java,12
BungeeCord1,net.md_5.bungee.protocol.packet,DisconnectReportDetails,1,0,3,3,22,5,0,1,0.6666666666666666,1,3,C:\Users\Simon\Documents\git1\BungeeCord1\protocol\src\main\java\net\md_5\bungee\protocol\packet\DisconnectReportDetails.java,15
BungeeCord1,net.md_5.bungee.protocol.packet,EncryptionRequest,4,0,3,3,25,5,0,1,0.6666666666666666,4,3,C:\Users\Simon\Documents\git1\BungeeCord1\protocol\src\main\java\net\md_5\bungee\protocol\packet\EncryptionRequest.java,12
BungeeCord1,net.md_5.bungee.protocol.packet,EncryptionResponse,5,0,3,3,34,6,0,1,0.6666666666666666,3,3,C:\Users\Simon\Documents\git1\BungeeCord1\protocol\src\main\java\net\md_5\bungee\protocol\packet\EncryptionResponse.java,12
BungeeCord1,net.md_5.bungee.protocol.packet,EncryptionResponse.EncryptionData,2,0,0,0,4,0,0,0,-1.0,0,0,C:\Users\Simon\Documents\git1\BungeeCord1\protocol\src\main\java\net\md_5\bungee\protocol\packet\EncryptionResponse.java,59
BungeeCord1,net.md_5.bungee.protocol.packet,EntityStatus,4,2,3,3,17,3,0,1,0.6666666666666666,2,1,C:\Users\Simon\Documents\git1\BungeeCord1\protocol\src\main\java\net\md_5\bungee\protocol\packet\EntityStatus.java,11
BungeeCord1,net.md_5.bungee.protocol.packet,FinishConfiguration,0,0,4,4,12,4,0,1,-1.0,2,3,C:\Users\Simon\Documents\git1\BungeeCord1\protocol\src\main\java\net\md_5\bungee\protocol\packet\FinishConfiguration.java,11
BungeeCord1,net.md_5.bungee.protocol.packet,GameState,3,1,3,3,16,3,0,1,0.6666666666666666,2,1,C:\Users\Simon\Documents\git1\BungeeCord1\protocol\src\main\java\net\md_5\bungee\protocol\packet\GameState.java,11
BungeeCord1,net.md_5.bungee.protocol.packet,Handshake,4,0,3,3,21,3,0,1,0.6666666666666666,4,2,C:\Users\Simon\Documents\git1\BungeeCord1\protocol\src\main\java\net\md_5\bungee\protocol\packet\Handshake.java,11
BungeeCord1,net.md_5.bungee.protocol.packet,KeepAlive,1,0,3,3,17,4,0,1,0.6666666666666666,3,3,C:\Users\Simon\Documents\git1\BungeeCord1\protocol\src\main\java\net\md_5\bungee\protocol\packet\KeepAlive.java,12
BungeeCord1,net.md_5.bungee.protocol.packet,Kick,1,0,3,3,22,5,0,1,0.6666666666666666,4,6,C:\Users\Simon\Documents\git1\BungeeCord1\protocol\src\main\java\net\md_5\bungee\protocol\packet\Kick.java,15
BungeeCord1,net.md_5.bungee.protocol.packet,LegacyHandshake,0,0,3,3,11,3,0,1,-1.0,2,1,C:\Users\Simon\Documents\git1\BungeeCord1\protocol\src\main\java\net\md_5\bungee\protocol\packet\LegacyHandshake.java,10
BungeeCord1,net.md_5.bungee.protocol.packet,LegacyPing,1,0,3,3,12,3,0,1,1.0,2,1,C:\Users\Simon\Documents\git1\BungeeCord1\protocol\src\main\java\net\md_5\bungee\protocol\packet\LegacyPing.java,10
BungeeCord1,net.md_5.bungee.protocol.packet,Login,22,0,6,3,230,59,0,1,0.3333333333333333,3,4,C:\Users\Simon\Documents\git1\BungeeCord1\protocol\src\main\java\net\md_5\bungee\protocol\packet\Login.java,16
BungeeCord1,net.md_5.bungee.protocol.packet,LoginAcknowledged,0,0,4,4,12,4,0,1,-1.0,2,3,C:\Users\Simon\Documents\git1\BungeeCord1\protocol\src\main\java\net\md_5\bungee\protocol\packet\LoginAcknowledged.java,11
BungeeCord1,net.md_5.bungee.protocol.packet,LoginPayloadRequest,3,0,3,3,23,4,0,1,0.6666666666666666,2,2,C:\Users\Simon\Documents\git1\BungeeCord1\protocol\src\main\java\net\md_5\bungee\protocol\packet\LoginPayloadRequest.java,12
BungeeCord1,net.md_5.bungee.protocol.packet,LoginPayloadResponse,2,0,3,3,28,6,0,1,0.6666666666666666,2,2,C:\Users\Simon\Documents\git1\BungeeCord1\protocol\src\main\java\net\md_5\bungee\protocol\packet\LoginPayloadResponse.java,12
BungeeCord1,net.md_5.bungee.protocol.packet,LoginRequest,3,0,3,3,39,10,0,1,0.6666666666666666,2,4,C:\Users\Simon\Documents\git1\BungeeCord1\protocol\src\main\java\net\md_5\bungee\protocol\packet\LoginRequest.java,14
BungeeCord1,net.md_5.bungee.protocol.packet,LoginSuccess,3,0,3,3,38,9,0,1,0.6666666666666666,2,3,C:\Users\Simon\Documents\git1\BungeeCord1\protocol\src\main\java\net\md_5\bungee\protocol\packet\LoginSuccess.java,14
BungeeCord1,net.md_5.bungee.protocol.packet,PingPacket,1,0,3,3,12,3,0,1,0.6666666666666666,2,1,C:\Users\Simon\Documents\git1\BungeeCord1\protocol\src\main\java\net\md_5\bungee\protocol\packet\PingPacket.java,11
BungeeCord1,net.md_5.bungee.protocol.packet,PlayerListHeaderFooter,2,0,3,3,15,3,0,1,0.6666666666666666,1,4,C:\Users\Simon\Documents\git1\BungeeCord1\protocol\src\main\java\net\md_5\bungee\protocol\packet\PlayerListHeaderFooter.java,13
BungeeCord1,net.md_5.bungee.protocol.packet,PlayerListItem,11,0,3,3,85,19,0,1,0.6666666666666666,5,5,C:\Users\Simon\Documents\git1\BungeeCord1\protocol\src\main\java\net\md_5\bungee\protocol\packet\PlayerListItem.java,15
BungeeCord1,net.md_5.bungee.protocol.packet,PlayerListItem.Action,0,0,0,0,1,0,0,0,-1.0,0,0,C:\Users\Simon\Documents\git1\BungeeCord1\protocol\src\main\java\net\md_5\bungee\protocol\packet\PlayerListItem.java,112
BungeeCord1,net.md_5.bungee.protocol.packet,PlayerListItem.Item,9,0,0,0,11,0,0,0,-1.0,0,2,C:\Users\Simon\Documents\git1\BungeeCord1\protocol\src\main\java\net\md_5\bungee\protocol\packet\PlayerListItem.java,122
BungeeCord1,net.md_5.bungee.protocol.packet,PlayerListItemRemove,1,0,3,3,18,5,0,1,0.6666666666666666,5,3,C:\Users\Simon\Documents\git1\BungeeCord1\protocol\src\main\java\net\md_5\bungee\protocol\packet\PlayerListItemRemove.java,12
BungeeCord1,net.md_5.bungee.protocol.packet,PlayerListItemUpdate,2,0,3,3,83,23,0,1,0.6666666666666666,4,4,C:\Users\Simon\Documents\git1\BungeeCord1\protocol\src\main\java\net\md_5\bungee\protocol\packet\PlayerListItemUpdate.java,14
BungeeCord1,net.md_5.bungee.protocol.packet,PlayerListItemUpdate.Action,0,0,0,0,1,0,0,0,-1.0,0,0,C:\Users\Simon\Documents\git1\BungeeCord1\protocol\src\main\java\net\md_5\bungee\protocol\packet\PlayerListItemUpdate.java,123
BungeeCord1,net.md_5.bungee.protocol.packet,PluginMessage,4,1,5,5,40,8,0,1,0.4,14,3,C:\Users\Simon\Documents\git1\BungeeCord1\protocol\src\main\java\net\md_5\bungee\protocol\packet\PluginMessage.java,18
BungeeCord1,net.md_5.bungee.protocol.packet,Respawn,12,0,3,3,114,25,0,1,0.6666666666666666,2,4,C:\Users\Simon\Documents\git1\BungeeCord1\protocol\src\main\java\net\md_5\bungee\protocol\packet\Respawn.java,14
BungeeCord1,net.md_5.bungee.protocol.packet,ScoreboardDisplay,2,0,3,3,28,5,0,1,0.6666666666666666,2,3,C:\Users\Simon\Documents\git1\BungeeCord1\protocol\src\main\java\net\md_5\bungee\protocol\packet\ScoreboardDisplay.java,12
BungeeCord1,net.md_5.bungee.protocol.packet,ScoreboardObjective,5,0,5,5,53,11,0,1,0.8,3,5,C:\Users\Simon\Documents\git1\BungeeCord1\protocol\src\main\java\net\md_5\bungee\protocol\packet\ScoreboardObjective.java,16
BungeeCord1,net.md_5.bungee.protocol.packet,ScoreboardObjective.HealthDisplay,0,0,0,0,7,0,0,0,-1.0,0,0,C:\Users\Simon\Documents\git1\BungeeCord1\protocol\src\main\java\net\md_5\bungee\protocol\packet\ScoreboardObjective.java,83
BungeeCord1,net.md_5.bungee.protocol.packet,ScoreboardScore,6,0,3,3,45,9,0,1,0.6666666666666666,2,5,C:\Users\Simon\Documents\git1\BungeeCord1\protocol\src\main\java\net\md_5\bungee\protocol\packet\ScoreboardScore.java,14
BungeeCord1,net.md_5.bungee.protocol.packet,ScoreboardScoreReset,2,0,3,3,15,3,0,1,0.6666666666666666,2,3,C:\Users\Simon\Documents\git1\BungeeCord1\protocol\src\main\java\net\md_5\bungee\protocol\packet\ScoreboardScoreReset.java,12
BungeeCord1,net.md_5.bungee.protocol.packet,ServerData,4,0,3,3,60,15,0,1,0.6666666666666666,2,4,C:\Users\Simon\Documents\git1\BungeeCord1\protocol\src\main\java\net\md_5\bungee\protocol\packet\ServerData.java,13
BungeeCord1,net.md_5.bungee.protocol.packet,ServerLinks,3,0,3,3,41,7,0,1,0.6666666666666666,1,4,C:\Users\Simon\Documents\git1\BungeeCord1\protocol\src\main\java\net\md_5\bungee\protocol\packet\ServerLinks.java,14
BungeeCord1,net.md_5.bungee.protocol.packet,ServerLinks.LinkType,0,0,0,0,1,0,0,0,-1.0,0,0,C:\Users\Simon\Documents\git1\BungeeCord1\protocol\src\main\java\net\md_5\bungee\protocol\packet\ServerLinks.java,70
BungeeCord1,net.md_5.bungee.protocol.packet,ServerLinks.Link,2,0,0,0,4,0,0,0,-1.0,0,1,C:\Users\Simon\Documents\git1\BungeeCord1\protocol\src\main\java\net\md_5\bungee\protocol\packet\ServerLinks.java,85
BungeeCord1,net.md_5.bungee.protocol.packet,SetCompression,1,0,3,3,12,3,0,1,0.6666666666666666,3,3,C:\Users\Simon\Documents\git1\BungeeCord1\protocol\src\main\java\net\md_5\bungee\protocol\packet\SetCompression.java,12
BungeeCord1,net.md_5.bungee.protocol.packet,StartConfiguration,0,0,4,4,12,4,0,1,-1.0,2,3,C:\Users\Simon\Documents\git1\BungeeCord1\protocol\src\main\java\net\md_5\bungee\protocol\packet\StartConfiguration.java,11
BungeeCord1,net.md_5.bungee.protocol.packet,StatusRequest,0,0,3,3,9,3,0,1,-1.0,2,1,C:\Users\Simon\Documents\git1\BungeeCord1\protocol\src\main\java\net\md_5\bungee\protocol\packet\StatusRequest.java,10
BungeeCord1,net.md_5.bungee.protocol.packet,StatusResponse,1,0,3,3,12,3,0,1,0.6666666666666666,2,2,C:\Users\Simon\Documents\git1\BungeeCord1\protocol\src\main\java\net\md_5\bungee\protocol\packet\StatusResponse.java,11
BungeeCord1,net.md_5.bungee.protocol.packet,StoreCookie,2,0,3,3,15,3,0,1,0.6666666666666666,1,3,C:\Users\Simon\Documents\git1\BungeeCord1\protocol\src\main\java\net\md_5\bungee\protocol\packet\StoreCookie.java,12
BungeeCord1,net.md_5.bungee.protocol.packet,Subtitle,1,0,3,3,12,3,0,1,0.6666666666666666,1,4,C:\Users\Simon\Documents\git1\BungeeCord1\protocol\src\main\java\net\md_5\bungee\protocol\packet\Subtitle.java,12
BungeeCord1,net.md_5.bungee.protocol.packet,SystemChat,2,0,3,3,20,4,0,1,0.6666666666666666,1,5,C:\Users\Simon\Documents\git1\BungeeCord1\protocol\src\main\java\net\md_5\bungee\protocol\packet\SystemChat.java,14
BungeeCord1,net.md_5.bungee.protocol.packet,TabCompleteRequest,5,0,5,5,49,13,0,1,0.4,2,3,C:\Users\Simon\Documents\git1\BungeeCord1\protocol\src\main\java\net\md_5\bungee\protocol\packet\TabCompleteRequest.java,11
BungeeCord1,net.md_5.bungee.protocol.packet,TabCompleteResponse,4,0,5,5,58,10,0,1,0.4,2,4,C:\Users\Simon\Documents\git1\BungeeCord1\protocol\src\main\java\net\md_5\bungee\protocol\packet\TabCompleteResponse.java,18
BungeeCord1,net.md_5.bungee.protocol.packet,TabCompleteResponse.ComponentMessage,1,0,0,0,6,0,0,0,-1.0,0,1,C:\Users\Simon\Documents\git1\BungeeCord1\protocol\src\main\java\net\md_5\bungee\protocol\packet\TabCompleteResponse.java,98
BungeeCord1,net.md_5.bungee.protocol.packet,Team,10,0,4,4,87,16,0,1,0.5,2,4,C:\Users\Simon\Documents\git1\BungeeCord1\protocol\src\main\java\net\md_5\bungee\protocol\packet\Team.java,14
BungeeCord1,net.md_5.bungee.protocol.packet,Title,5,0,4,4,60,16,0,1,0.5,4,4,C:\Users\Simon\Documents\git1\BungeeCord1\protocol\src\main\java\net\md_5\bungee\protocol\packet\Title.java,12
BungeeCord1,net.md_5.bungee.protocol.packet,Title.Action,0,0,0,0,1,0,0,0,-1.0,0,0,C:\Users\Simon\Documents\git1\BungeeCord1\protocol\src\main\java\net\md_5\bungee\protocol\packet\Title.java,105
BungeeCord1,net.md_5.bungee.protocol.packet,TitleTimes,3,0,3,3,18,3,0,1,0.6666666666666666,1,2,C:\Users\Simon\Documents\git1\BungeeCord1\protocol\src\main\java\net\md_5\bungee\protocol\packet\TitleTimes.java,11
BungeeCord1,net.md_5.bungee.protocol.packet,Transfer,2,0,3,3,15,3,0,1,0.6666666666666666,1,3,C:\Users\Simon\Documents\git1\BungeeCord1\protocol\src\main\java\net\md_5\bungee\protocol\packet\Transfer.java,12
BungeeCord1,net.md_5.bungee.protocol.packet,UnsignedClientCommand,1,0,3,3,12,3,0,1,0.6666666666666666,2,3,C:\Users\Simon\Documents\git1\BungeeCord1\protocol\src\main\java\net\md_5\bungee\protocol\packet\UnsignedClientCommand.java,12
BungeeCord1,net.md_5.bungee.protocol.packet,ViewDistance,1,0,3,3,12,3,0,1,0.6666666666666666,1,2,C:\Users\Simon\Documents\git1\BungeeCord1\protocol\src\main\java\net\md_5\bungee\protocol\packet\ViewDistance.java,11
BungeeCord1,net.md_5.bungee.protocol.packet,PluginMessageTest,0,0,1,1,8,1,0,0,-1.0,0,1,C:\Users\Simon\Documents\git1\BungeeCord1\protocol\src\test\java\net\md_5\bungee\protocol\packet\PluginMessageTest.java,6
BungeeCord1,net.md_5.bungee.compress,CompressFactory,1,1,0,0,3,0,0,0,-1.0,3,1,C:\Users\Simon\Documents\git1\BungeeCord1\proxy\src\main\java\net\md_5\bungee\compress\CompressFactory.java,8
BungeeCord1,net.md_5.bungee.compress,PacketCompressor,2,0,3,2,21,4,0,0,0.0,1,3,C:\Users\Simon\Documents\git1\BungeeCord1\proxy\src\main\java\net\md_5\bungee\compress\PacketCompressor.java,11
BungeeCord1,net.md_5.bungee.compress,PacketDecompressor,1,0,3,2,29,5,0,0,0.0,1,3,C:\Users\Simon\Documents\git1\BungeeCord1\proxy\src\main\java\net\md_5\bungee\compress\PacketDecompressor.java,11
BungeeCord1,net.md_5.bungee.conf,Configuration,21,0,3,3,112,12,0,1,0.0,1,4,C:\Users\Simon\Documents\git1\BungeeCord1\proxy\src\main\java\net\md_5\bungee\conf\Configuration.java,23
BungeeCord1,net.md_5.bungee.conf,YamlConfig,3,0,15,10,187,30,0,1,0.5333333333333333,0,5,C:\Users\Simon\Documents\git1\BungeeCord1\proxy\src\main\java\net\md_5\bungee\conf\YamlConfig.java,36
BungeeCord1,net.md_5.bungee.conf,YamlConfig.DefaultTabList,0,0,0,0,4,0,0,0,-1.0,0,0,C:\Users\Simon\Documents\git1\BungeeCord1\proxy\src\main\java\net\md_5\bungee\conf\YamlConfig.java,39
BungeeCord1,net.md_5.bungee.connection,CancelSendSignal,1,1,2,2,9,2,0,0,1.0,4,0,C:\Users\Simon\Documents\git1\BungeeCord1\proxy\src\main\java\net\md_5\bungee\connection\CancelSendSignal.java,6
BungeeCord1,net.md_5.bungee.connection,DownstreamBridge,5,0,25,25,0,111,0,2,0.16,0,44,C:\Users\Simon\Documents\git1\BungeeCord1\proxy\src\main\java\net\md_5\bungee\connection\DownstreamBridge.java,76
BungeeCord1,net.md_5.bungee.connection,InitialHandler,24,0,44,39,0,125,0,2,0.09090909090909091,1,43,C:\Users\Simon\Documents\git1\BungeeCord1\proxy\src\main\java\net\md_5\bungee\connection\InitialHandler.java,80
BungeeCord1,net.md_5.bungee.connection,InitialHandler.CookieFuture,2,0,0,0,4,0,0,0,-1.0,0,0,C:\Users\Simon\Documents\git1\BungeeCord1\proxy\src\main\java\net\md_5\bungee\connection\InitialHandler.java,100
BungeeCord1,net.md_5.bungee.connection,InitialHandler.State,0,0,0,0,1,0,0,0,-1.0,0,0,C:\Users\Simon\Documents\git1\BungeeCord1\proxy\src\main\java\net\md_5\bungee\connection\InitialHandler.java,146
BungeeCord1,net.md_5.bungee.connection,LoginResult,3,0,0,0,5,0,0,0,-1.0,3,0,C:\Users\Simon\Documents\git1\BungeeCord1\proxy\src\main\java\net\md_5\bungee\connection\LoginResult.java,7
BungeeCord1,net.md_5.bungee.connection,PingHandler,4,0,5,5,33,6,0,2,0.4,0,11,C:\Users\Simon\Documents\git1\BungeeCord1\proxy\src\main\java\net\md_5\bungee\connection\PingHandler.java,25
BungeeCord1,net.md_5.bungee.connection,UpstreamBridge,2,0,21,19,201,50,0,2,0.0,0,32,C:\Users\Simon\Documents\git1\BungeeCord1\proxy\src\main\java\net\md_5\bungee\connection\UpstreamBridge.java,48
BungeeCord1,net.md_5.bungee.entitymap,EntityMap,8,4,12,5,0,101,12,0,0.16666666666666666,14,14,C:\Users\Simon\Documents\git1\BungeeCord1\proxy\src\main\java\net\md_5\bungee\entitymap\EntityMap.java,14
BungeeCord1,net.md_5.bungee.entitymap,EntityMap.WriteObject,4,4,0,0,12,0,0,0,-1.0,0,0,C:\Users\Simon\Documents\git1\BungeeCord1\proxy\src\main\java\net\md_5\bungee\entitymap\EntityMap.java,339
BungeeCord1,net.md_5.bungee.entitymap,EntityMap_1_10,1,0,3,2,141,24,0,1,1.0,1,6,C:\Users\Simon\Documents\git1\BungeeCord1\proxy\src\main\java\net\md_5\bungee\entitymap\EntityMap_1_10.java,12
BungeeCord1,net.md_5.bungee.entitymap,EntityMap_1_11,1,0,3,2,142,24,0,1,1.0,1,6,C:\Users\Simon\Documents\git1\BungeeCord1\proxy\src\main\java\net\md_5\bungee\entitymap\EntityMap_1_11.java,12
BungeeCord1,net.md_5.bungee.entitymap,EntityMap_1_12,1,0,3,2,142,24,0,1,1.0,1,6,C:\Users\Simon\Documents\git1\BungeeCord1\proxy\src\main\java\net\md_5\bungee\entitymap\EntityMap_1_12.java,12
BungeeCord1,net.md_5.bungee.entitymap,EntityMap_1_12_1,1,0,3,2,142,24,0,1,1.0,1,6,C:\Users\Simon\Documents\git1\BungeeCord1\proxy\src\main\java\net\md_5\bungee\entitymap\EntityMap_1_12_1.java,12
BungeeCord1,net.md_5.bungee.entitymap,EntityMap_1_13,1,0,3,2,142,24,0,1,1.0,1,6,C:\Users\Simon\Documents\git1\BungeeCord1\proxy\src\main\java\net\md_5\bungee\entitymap\EntityMap_1_13.java,12
BungeeCord1,net.md_5.bungee.entitymap,EntityMap_1_14,1,0,3,2,146,25,0,1,1.0,1,6,C:\Users\Simon\Documents\git1\BungeeCord1\proxy\src\main\java\net\md_5\bungee\entitymap\EntityMap_1_14.java,12
BungeeCord1,net.md_5.bungee.entitymap,EntityMap_1_15,1,0,3,2,146,25,0,1,1.0,1,6,C:\Users\Simon\Documents\git1\BungeeCord1\proxy\src\main\java\net\md_5\bungee\entitymap\EntityMap_1_15.java,12
BungeeCord1,net.md_5.bungee.entitymap,EntityMap_1_16,1,0,3,2,146,25,0,1,1.0,1,6,C:\Users\Simon\Documents\git1\BungeeCord1\proxy\src\main\java\net\md_5\bungee\entitymap\EntityMap_1_16.java,12
BungeeCord1,net.md_5.bungee.entitymap,EntityMap_1_16_2,11,0,2,2,49,6,0,1,1.0,1,4,C:\Users\Simon\Documents\git1\BungeeCord1\proxy\src\main\java\net\md_5\bungee\entitymap\EntityMap_1_16_2.java,13
BungeeCord1,net.md_5.bungee.entitymap,EntityMap_1_8,1,0,3,2,134,23,0,1,1.0,1,6,C:\Users\Simon\Documents\git1\BungeeCord1\proxy\src\main\java\net\md_5\bungee\entitymap\EntityMap_1_8.java,12
BungeeCord1,net.md_5.bungee.entitymap,EntityMap_1_9,1,0,3,2,141,24,0,1,1.0,1,6,C:\Users\Simon\Documents\git1\BungeeCord1\proxy\src\main\java\net\md_5\bungee\entitymap\EntityMap_1_9.java,12
BungeeCord1,net.md_5.bungee.entitymap,EntityMap_1_9_4,1,0,3,2,141,24,0,1,1.0,1,6,C:\Users\Simon\Documents\git1\BungeeCord1\proxy\src\main\java\net\md_5\bungee\entitymap\EntityMap_1_9_4.java,12
BungeeCord1,net.md_5.bungee.forge,ForgeClientHandler,7,0,8,8,95,13,0,0,0.5,1,5,C:\Users\Simon\Documents\git1\BungeeCord1\proxy\src\main\java\net\md_5\bungee\forge\ForgeClientHandler.java,14
BungeeCord1,net.md_5.bungee.forge,ForgeClientHandshakeState,0,0,0,0,105,0,0,1,-1.0,1,1,C:\Users\Simon\Documents\git1\BungeeCord1\proxy\src\main\java\net\md_5\bungee\forge\ForgeClientHandshakeState.java,8
BungeeCord1,net.md_5.bungee.forge,ForgeConstants,12,12,0,0,23,0,0,0,-1.0,9,1,C:\Users\Simon\Documents\git1\BungeeCord1\proxy\src\main\java\net\md_5\bungee\forge\ForgeConstants.java,6
BungeeCord1,net.md_5.bungee.forge,ForgeLogger,0,0,3,0,0,13,0,0,-1.0,3,3,C:\Users\Simon\Documents\git1\BungeeCord1\proxy\src\main\java\net\md_5\bungee\forge\ForgeLogger.java,9
BungeeCord1,net.md_5.bungee.forge,ForgeLogger.LogDirection,0,0,0,0,1,0,0,0,-1.0,0,0,C:\Users\Simon\Documents\git1\BungeeCord1\proxy\src\main\java\net\md_5\bungee\forge\ForgeLogger.java,64
BungeeCord1,net.md_5.bungee.forge,ForgeServerHandler,6,0,3,3,47,6,0,0,0.6666666666666666,2,7,C:\Users\Simon\Documents\git1\BungeeCord1\proxy\src\main\java\net\md_5\bungee\forge\ForgeServerHandler.java,13
BungeeCord1,net.md_5.bungee.forge,ForgeServerHandshakeState,0,0,0,0,75,0,0,1,-1.0,1,1,C:\Users\Simon\Documents\git1\BungeeCord1\proxy\src\main\java\net\md_5\bungee\forge\ForgeServerHandshakeState.java,8
BungeeCord1,net.md_5.bungee.forge,ForgeUtils,0,0,3,3,54,9,0,0,-1.0,1,3,C:\Users\Simon\Documents\git1\BungeeCord1\proxy\src\main\java\net\md_5\bungee\forge\ForgeUtils.java,14
BungeeCord1,net.md_5.bungee.forge,IForgeClientPacketHandler,0,0,2,2,20,2,1,0,-1.0,0,2,C:\Users\Simon\Documents\git1\BungeeCord1\proxy\src\main\java\net\md_5\bungee\forge\IForgeClientPacketHandler.java,6
BungeeCord1,net.md_5.bungee.forge,IForgeServerPacketHandler,0,0,2,2,20,2,1,0,-1.0,0,3,C:\Users\Simon\Documents\git1\BungeeCord1\proxy\src\main\java\net\md_5\bungee\forge\IForgeServerPacketHandler.java,7
BungeeCord1,net.md_5.bungee.http,HttpClient,2,1,2,2,0,8,0,0,0.0,2,2,C:\Users\Simon\Documents\git1\BungeeCord1\proxy\src\main\java\net\md_5\bungee\http\HttpClient.java,25
BungeeCord1,net.md_5.bungee.http,HttpHandler,2,0,3,1,42,8,0,0,0.0,0,1,C:\Users\Simon\Documents\git1\BungeeCord1\proxy\src\main\java\net\md_5\bungee\http\HttpHandler.java,14
BungeeCord1,net.md_5.bungee.http,HttpInitializer,4,0,1,0,15,2,0,0,0.0,0,2,C:\Users\Simon\Documents\git1\BungeeCord1\proxy\src\main\java\net\md_5\bungee\http\HttpInitializer.java,14
BungeeCord1,net.md_5.bungee.module,JenkinsModuleSource,0,0,1,1,16,1,0,1,-1.0,0,3,C:\Users\Simon\Documents\git1\BungeeCord1\proxy\src\main\java\net\md_5\bungee\module\JenkinsModuleSource.java,11
BungeeCord1,net.md_5.bungee.module,ModuleManager,1,0,3,2,88,13,0,0,0.0,1,6,C:\Users\Simon\Documents\git1\BungeeCord1\proxy\src\main\java\net\md_5\bungee\module\ModuleManager.java,24
BungeeCord1,net.md_5.bungee.module,ModuleSource,0,0,1,0,3,1,1,0,-1.0,2,2,C:\Users\Simon\Documents\git1\BungeeCord1\proxy\src\main\java\net\md_5\bungee\module\ModuleSource.java,3
BungeeCord1,net.md_5.bungee.module,ModuleSpec,3,0,0,0,5,0,0,0,-1.0,3,1,C:\Users\Simon\Documents\git1\BungeeCord1\proxy\src\main\java\net\md_5\bungee\module\ModuleSpec.java,6
BungeeCord1,net.md_5.bungee.module,ModuleVersion,2,0,1,1,17,3,0,0,0.0,3,0,C:\Users\Simon\Documents\git1\BungeeCord1\proxy\src\main\java\net\md_5\bungee\module\ModuleVersion.java,7
BungeeCord1,net.md_5.bungee.netty,ChannelWrapper,4,0,17,17,110,29,0,0,0.0,11,9,C:\Users\Simon\Documents\git1\BungeeCord1\proxy\src\main\java\net\md_5\bungee\netty\ChannelWrapper.java,21
BungeeCord1,net.md_5.bungee.netty,HandlerBoss,3,0,6,6,122,28,0,0,0.0,5,4,C:\Users\Simon\Documents\git1\BungeeCord1\proxy\src\main\java\net\md_5\bungee\netty\HandlerBoss.java,23
BungeeCord1,net.md_5.bungee.netty,PacketHandler,0,0,7,7,16,7,5,1,-1.0,1,2,C:\Users\Simon\Documents\git1\BungeeCord1\proxy\src\main\java\net\md_5\bungee\netty\PacketHandler.java,5
BungeeCord1,net.md_5.bungee.netty,PipelineUtils,23,14,5,4,105,10,0,0,0.4,7,7,C:\Users\Simon\Documents\git1\BungeeCord1\proxy\src\main\java\net\md_5\bungee\netty\PipelineUtils.java,55
BungeeCord1,net.md_5.bungee.netty,PipelineUtils.Base,1,0,0,0,16,0,0,0,-1.0,0,0,C:\Users\Simon\Documents\git1\BungeeCord1\proxy\src\main\java\net\md_5\bungee\netty\PipelineUtils.java,181
BungeeCord1,net.md_5.bungee.netty.cipher,CipherDecoder,1,0,2,1,9,2,0,0,0.0,0,1,C:\Users\Simon\Documents\git1\BungeeCord1\proxy\src\main\java\net\md_5\bungee\netty\cipher\CipherDecoder.java,10
BungeeCord1,net.md_5.bungee.netty.cipher,CipherEncoder,1,0,2,1,9,2,0,0,0.0,0,1,C:\Users\Simon\Documents\git1\BungeeCord1\proxy\src\main\java\net\md_5\bungee\netty\cipher\CipherEncoder.java,9
BungeeCord1,net.md_5.bungee.scheduler,BungeeScheduler,5,0,9,8,58,11,0,1,0.4444444444444444,3,3,C:\Users\Simon\Documents\git1\BungeeCord1\proxy\src\main\java\net\md_5\bungee\scheduler\BungeeScheduler.java,19
BungeeCord1,net.md_5.bungee.scheduler,BungeeTask,7,0,3,3,51,7,0,1,0.0,1,2,C:\Users\Simon\Documents\git1\BungeeCord1\proxy\src\main\java\net\md_5\bungee\scheduler\BungeeTask.java,11
BungeeCord1,net.md_5.bungee.scheduler,SchedulerTest,0,0,6,5,48,6,0,0,-1.0,0,4,C:\Users\Simon\Documents\git1\BungeeCord1\proxy\src\test\java\net\md_5\bungee\scheduler\SchedulerTest.java,12
BungeeCord1,net.md_5.bungee.tab,ServerUnique,1,0,8,8,59,17,0,1,0.625,1,5,C:\Users\Simon\Documents\git1\BungeeCord1\proxy\src\main\java\net\md_5\bungee\tab\ServerUnique.java,12
BungeeCord1,net.md_5.bungee.tab,TabList,1,0,12,10,62,23,1,0,1.0,2,8,C:\Users\Simon\Documents\git1\BungeeCord1\proxy\src\main\java\net\md_5\bungee\tab\TabList.java,13
BungeeCord1,net.md_5.bungee.query,QueryHandler,6,0,6,1,97,15,0,0,0.0,0,2,C:\Users\Simon\Documents\git1\BungeeCord1\query\src\main\java\net\md_5\bungee\query\QueryHandler.java,22
BungeeCord1,net.md_5.bungee.query,QueryHandler.QuerySession,2,0,0,0,4,0,0,0,-1.0,0,0,C:\Users\Simon\Documents\git1\BungeeCord1\query\src\main\java\net\md_5\bungee\query\QueryHandler.java,164
BungeeCord1,net.md_5.bungee.query,RemoteQuery,2,0,1,1,7,1,0,0,0.0,0,2,C:\Users\Simon\Documents\git1\BungeeCord1\query\src\main\java\net\md_5\bungee\query\RemoteQuery.java,12
BungeeCord1,org.slf4j.impl,JDK14LoggerAdapter,5,0,37,32,0,77,0,0,0.0,1,0,C:\Users\Simon\Documents\git1\BungeeCord1\slf4j\src\main\java\org\slf4j\impl\JDK14LoggerAdapter.java,39
BungeeCord1,org.slf4j.impl,JDK14LoggerFactory,2,1,2,2,25,4,0,0,0.0,2,1,C:\Users\Simon\Documents\git1\BungeeCord1\slf4j\src\main\java\org\slf4j\impl\JDK14LoggerFactory.java,33
BungeeCord1,org.slf4j.impl,StaticLoggerBinder,4,1,4,3,35,4,0,0,0.75,0,1,C:\Users\Simon\Documents\git1\BungeeCord1\slf4j\src\main\java\org\slf4j\impl\StaticLoggerBinder.java,31
BungeeCord1,org.slf4j.impl,StaticMarkerBinder,2,1,4,3,33,4,0,0,1.0,0,0,C:\Users\Simon\Documents\git1\BungeeCord1\slf4j\src\main\java\org\slf4j\impl\StaticMarkerBinder.java,32
BungeeCord1,org.slf4j.impl,StaticMDCBinder,1,1,4,3,29,4,0,0,1.0,0,0,C:\Users\Simon\Documents\git1\BungeeCord1\slf4j\src\main\java\org\slf4j\impl\StaticMDCBinder.java,30
